date,year,month,week,county_name,county_fips,NDVI_mean,corn_area_m2
2021-04-01,2021,Apr,0,Highland,51091,0.5391620397567749,1427911.7647058824
2021-04-01,2021,Apr,0,Amherst,51009,0.5342479103978546,2714445.882352941
2021-04-01,2021,Apr,0,Henry,51089,0.5028955675886069,4412167.05882353
2021-04-01,2021,Apr,0,Brunswick,51025,0.6580963800826803,7360094.117647058
2021-04-01,2021,Apr,0,Nottoway,51135,0.6128427106224992,10847848.235294117
2021-04-01,2021,Apr,0,Nelson,51125,0.55803198489352,4920480
2021-04-08,2021,Apr,1,Smyth,51173,0.6253709527605598,6308463.529411765
2021-04-08,2021,Apr,1,Bland,51021,0.6100142995516459,2119101.176470588
2021-04-08,2021,Apr,1,Floyd,51063,0.6237531860974448,4265982.352941177
2021-04-08,2021,Apr,1,Henry,51089,0.47857050597667694,4412167.05882353
2021-04-08,2021,Apr,1,Brunswick,51025,0.6525597948338294,7360094.117647058
2021-04-08,2021,Apr,1,Nottoway,51135,0.6346095454865608,10847848.235294117
2021-04-15,2021,Apr,2,Russell,51167,0.7399572730064392,1778400
2021-04-15,2021,Apr,2,Smyth,51173,0.679098180923219,6308463.529411765
2021-04-15,2021,Apr,2,Bland,51021,0.6144328415393829,2119101.176470588
2021-04-15,2021,Apr,2,Amherst,51009,0.6578417899989966,2714445.882352941
2021-04-15,2021,Apr,2,Henry,51089,0.5872490964062852,4412167.05882353
2021-04-15,2021,Apr,2,Brunswick,51025,0.7002691969116388,7360094.117647058
2021-04-15,2021,Apr,2,Nottoway,51135,0.6649819297538214,10847848.235294117
2021-04-15,2021,Apr,2,Nelson,51125,0.6783313684040408,4920480
2021-04-22,2021,Apr,3,Floyd,51063,0.6429974531402459,4265982.352941177
2021-04-22,2021,Apr,3,Henry,51089,0.7403031641460327,4412167.05882353
2021-04-22,2021,Apr,3,Brunswick,51025,0.6772768104853489,7360094.117647058
2021-04-22,2021,Apr,3,Nottoway,51135,0.6342037266947563,10847848.235294117
2021-04-29,2021,Apr,4,Russell,51167,0.7678982019424438,1778400
2021-04-29,2021,Apr,4,Smyth,51173,0.6736967067207957,6308463.529411765
2021-04-29,2021,Apr,4,Bland,51021,0.60173797607421875,2119101.176470588
2021-04-29,2021,Apr,4,Amherst,51009,0.7040104942271546,2714445.882352941
2021-04-29,2021,Apr,4,Henry,51089,0.7500171569065814,4412167.05882353
2021-04-29,2021,Apr,4,Brunswick,51025,0.7600236842467349,7360094.117647058
2021-04-29,2021,Apr,4,Nottoway,51135,0.6710063928440598,10847848.235294117
2021-04-29,2021,Apr,4,Nelson,51125,0.6665340289473534,4920480
2021-05-06,2021,May,5,Smyth,51173,0.7368875608704466,6308463.529411765
2021-05-06,2021,May,5,Bland,51021,0.6872620185216268,2119101.176470588
2021-05-06,2021,May,5,Highland,51091,0.7611634135246277,1427911.7647058824
2021-05-06,2021,May,5,Floyd,51063,0.8324142396450043,4265982.352941177
2021-05-06,2021,May,5,Henry,51089,0.7570703345821952,4412167.05882353
2021-05-13,2021,May,6,Brunswick,51025,0.7425778774736447,7360094.117647058
2021-05-13,2021,May,6,Nottoway,51135,0.6568119750214783,10847848.235294117
2021-05-20,2021,May,7,Highland,51091,0.6229174633820852,1427911.7647058824
2021-05-20,2021,May,7,Amherst,51009,0.693043337045889,2714445.882352941
2021-05-20,2021,May,7,Henry,51089,0.6967067380371031,4412167.05882353
2021-05-20,2021,May,7,Brunswick,51025,0.6479213666142047,7360094.117647058
2021-05-20,2021,May,7,Nottoway,51135,0.6204836110813345,10847848.235294117
2021-05-20,2021,May,7,Nelson,51125,0.6725674649167832,4920480
2021-05-27,2021,May,8,Smyth,51173,0.6464388758672712,6308463.529411765
2021-05-27,2021,May,8,Bland,51021,0.6316645542780558,2119101.176470588
2021-05-27,2021,May,8,Floyd,51063,0.7412541210651398,4265982.352941177
2021-05-27,2021,May,8,Henry,51089,0.715383063180972,4412167.05882353
2021-06-03,2021,Jun,9,Highland,51091,0.6599721511205038,1427911.7647058824
2021-06-03,2021,Jun,9,Amherst,51009,0.7298607763443968,2714445.882352941
2021-06-03,2021,Jun,9,Henry,51089,0.7184200163058077,4412167.05882353
2021-06-03,2021,Jun,9,Brunswick,51025,0.7007652814914325,7360094.117647058
2021-06-03,2021,Jun,9,Nottoway,51135,0.6737838588643823,10847848.235294117
2021-06-03,2021,Jun,9,Nelson,51125,0.6923200322165093,4920480
2021-06-10,2021,Jun,10,Highland,51091,0.8126020729541779,1427911.7647058824
2021-06-10,2021,Jun,10,Brunswick,51025,0.6911976231217798,7360094.117647058
2021-06-10,2021,Jun,10,Nottoway,51135,0.7140285507392725,10847848.235294117
2021-06-17,2021,Jun,11,Smyth,51173,0.6300325393676758,6308463.529411765
2021-06-17,2021,Jun,11,Bland,51021,0.7082611918449402,2119101.176470588
2021-06-17,2021,Jun,11,Highland,51091,0.7973569631576538,1427911.7647058824
2021-06-17,2021,Jun,11,Amherst,51009,0.7741532262601175,2714445.882352941
2021-06-17,2021,Jun,11,Henry,51089,0.7381865853375371,4412167.05882353
2021-06-17,2021,Jun,11,Brunswick,51025,0.6851395794929559,7360094.117647058
2021-06-17,2021,Jun,11,Nottoway,51135,0.7263807206608615,10847848.235294117
2021-06-17,2021,Jun,11,Nelson,51125,0.7353781492708601,4920480
2021-06-24,2021,Jun,12,Smyth,51173,0.6850755521645682,6308463.529411765
2021-06-24,2021,Jun,12,Bland,51021,0.797972708940506,2119101.176470588
2021-06-24,2021,Jun,12,Highland,51091,0.7689750492572784,1427911.7647058824
2021-06-24,2021,Jun,12,Floyd,51063,0.7166438581597092,4265982.352941177
2021-06-24,2021,Jun,12,Henry,51089,0.7594245076179504,4412167.05882353
2021-06-24,2021,Jun,12,Brunswick,51025,0.7016121040082198,7360094.117647058
2021-06-24,2021,Jun,12,Nottoway,51135,0.7487234730950694,10847848.235294117
2021-07-01,2021,Jul,13,Russell,51167,0.559630274772644,1778400
2021-07-01,2021,Jul,13,Smyth,51173,0.6972292357166026,6308463.529411765
2021-07-01,2021,Jul,13,Bland,51021,0.7182142933209738,2119101.176470588
2021-07-01,2021,Jul,13,Highland,51091,0.7681150436401367,1427911.7647058824
2021-07-01,2021,Jul,13,Amherst,51009,0.8219092750238528,2714445.882352941
2021-07-01,2021,Jul,13,Brunswick,51025,0.7668466851737068,7360094.117647058
2021-07-01,2021,Jul,13,Nottoway,51135,0.7903692242869964,10847848.235294117
2021-07-01,2021,Jul,13,Nelson,51125,0.7827751695089273,4920480
2021-07-08,2021,Jul,14,Smyth,51173,0.7555512170599759,6308463.529411765
2021-07-08,2021,Jul,14,Highland,51091,0.76591956615448,1427911.7647058824
2021-07-08,2021,Jul,14,Floyd,51063,0.7571910928947526,4265982.352941177
2021-07-08,2021,Jul,14,Amherst,51009,0.8301033973693848,2714445.882352941
2021-07-08,2021,Jul,14,Henry,51089,0.8026811625994835,4412167.05882353
2021-07-15,2021,Jul,15,Smyth,51173,0.7026585326981584,6308463.529411765
2021-07-15,2021,Jul,15,Bland,51021,0.7053112387657166,2119101.176470588
2021-07-15,2021,Jul,15,Brunswick,51025,0.7738653517266247,7360094.117647058
2021-07-15,2021,Jul,15,Nottoway,51135,0.8203658365978798,10847848.235294117
2021-07-22,2021,Jul,16,Highland,51091,0.7397573192914327,1427911.7647058824
2021-07-22,2021,Jul,16,Amherst,51009,0.7788024101156862,2714445.882352941
2021-07-22,2021,Jul,16,Henry,51089,0.7879966211072509,4412167.05882353
2021-07-22,2021,Jul,16,Brunswick,51025,0.8820401430130005,7360094.117647058
2021-07-22,2021,Jul,16,Nottoway,51135,0.7879500427518608,10847848.235294117
2021-07-22,2021,Jul,16,Nelson,51125,0.7919490072462294,4920480
2021-07-29,2021,Jul,17,Smyth,51173,0.7742487389260487,6308463.529411765
2021-07-29,2021,Jul,17,Bland,51021,0.8504231572151184,2119101.176470588
2021-07-29,2021,Jul,17,Floyd,51063,0.8111598751275801,4265982.352941177
2021-07-29,2021,Jul,17,Henry,51089,0.8500450444467924,4412167.05882353
2021-08-05,2021,Aug,18,Bland,51021,0.6896363496780396,2119101.176470588
2021-08-05,2021,Aug,18,Highland,51091,0.7287598252296448,1427911.7647058824
2021-08-05,2021,Aug,18,Amherst,51009,0.8097934340784836,2714445.882352941
2021-08-05,2021,Aug,18,Henry,51089,0.7988277216948028,4412167.05882353
2021-08-05,2021,Aug,18,Brunswick,51025,0.8456518871716333,7360094.117647058
2021-08-05,2021,Aug,18,Nottoway,51135,0.8379992930811778,10847848.235294117
2021-08-05,2021,Aug,18,Nelson,51125,0.8190900695787358,4920480
2021-08-12,2021,Aug,19,Henry,51089,0.8525967597961426,4412167.05882353
2021-08-12,2021,Aug,19,Brunswick,51025,0.815791130065918,7360094.117647058
2021-08-12,2021,Aug,19,Nottoway,51135,0.7400335743293524,10847848.235294117
2021-08-19,2021,Aug,20,Russell,51167,0.7932488322257996,1778400
2021-08-19,2021,Aug,20,Smyth,51173,0.8016016881999376,6308463.529411765
2021-08-19,2021,Aug,20,Bland,51021,0.8169829845428467,2119101.176470588
2021-08-19,2021,Aug,20,Highland,51091,0.7982388933499655,1427911.7647058824
2021-08-19,2021,Aug,20,Amherst,51009,0.8304963195745527,2714445.882352941
2021-08-19,2021,Aug,20,Henry,51089,0.8195109629832198,4412167.05882353
2021-08-19,2021,Aug,20,Brunswick,51025,0.8666583316219277,7360094.117647058
2021-08-19,2021,Aug,20,Nottoway,51135,0.8369169381029127,10847848.235294117
2021-08-19,2021,Aug,20,Nelson,51125,0.8254590378052536,4920480
2021-09-02,2021,Sep,22,Russell,51167,0.8314900398254395,1778400
2021-09-02,2021,Sep,22,Smyth,51173,0.7865981557697943,6308463.529411765
2021-09-02,2021,Sep,22,Bland,51021,0.8286470969518026,2119101.176470588
2021-09-02,2021,Sep,22,Brunswick,51025,0.8250509956018062,7360094.117647058
2021-09-02,2021,Sep,22,Nottoway,51135,0.8387823822192604,10847848.235294117
2021-09-16,2021,Sep,24,Floyd,51063,0.7449586987495422,4265982.352941177
2021-09-16,2021,Sep,24,Brunswick,51025,0.8004194290741629,7360094.117647058
2021-09-16,2021,Sep,24,Nottoway,51135,0.7967553382171892,10847848.235294117
2021-09-23,2021,Sep,25,Highland,51091,0.7881103754043579,1427911.7647058824
2021-09-23,2021,Sep,25,Amherst,51009,0.771949068283658,2714445.882352941
2021-09-23,2021,Sep,25,Henry,51089,0.7515644425127389,4412167.05882353
2021-09-23,2021,Sep,25,Brunswick,51025,0.7478461729324595,7360094.117647058
2021-09-23,2021,Sep,25,Nottoway,51135,0.692374315561467,10847848.235294117
2021-09-23,2021,Sep,25,Nelson,51125,0.7563652152983387,4920480
2021-09-30,2021,Sep,26,Smyth,51173,0.7188965843407563,6308463.529411765
2021-09-30,2021,Sep,26,Bland,51021,0.7085320353507996,2119101.176470588
2021-09-30,2021,Sep,26,Highland,51091,0.7738780379295349,1427911.7647058824
2021-09-30,2021,Sep,26,Floyd,51063,0.7716139173259706,4265982.352941177
2021-09-30,2021,Sep,26,Henry,51089,0.7699164573377085,4412167.05882353
2021-09-30,2021,Sep,26,Brunswick,51025,0.8124124407768251,7360094.117647058
2021-09-30,2021,Sep,26,Nottoway,51135,0.7130909698127884,10847848.235294117
2021-10-07,2021,Oct,27,Russell,51167,0.7268494367599487,1778400
2021-10-07,2021,Oct,27,Smyth,51173,0.7693943574790555,6308463.529411765
2021-10-14,2021,Oct,28,Smyth,51173,0.7208037907617617,6308463.529411765
2021-10-14,2021,Oct,28,Bland,51021,0.7502201398213705,2119101.176470588
2021-10-14,2021,Oct,28,Highland,51091,0.7647901972134908,1427911.7647058824
2021-10-14,2021,Oct,28,Floyd,51063,0.7392507116541103,4265982.352941177
2021-10-14,2021,Oct,28,Henry,51089,0.7511737402685678,4412167.05882353
2021-10-14,2021,Oct,28,Brunswick,51025,0.7171322496186403,7360094.117647058
2021-10-14,2021,Oct,28,Nottoway,51135,0.6660958336896299,10847848.235294117
2021-10-21,2021,Oct,29,Smyth,51173,0.6211589932457097,6308463.529411765
2021-10-21,2021,Oct,29,Bland,51021,0.7853499054908752,2119101.176470588
2021-10-21,2021,Oct,29,Highland,51091,0.6930785775184631,1427911.7647058824
2021-10-21,2021,Oct,29,Amherst,51009,0.6881816044079799,2714445.882352941
2021-10-21,2021,Oct,29,Henry,51089,0.6791217432485712,4412167.05882353
2021-10-21,2021,Oct,29,Brunswick,51025,0.7050452859729667,7360094.117647058
2021-10-21,2021,Oct,29,Nottoway,51135,0.6656396156648992,10847848.235294117
2021-10-21,2021,Oct,29,Nelson,51125,0.6615040081924627,4920480
2021-10-28,2021,Oct,30,Smyth,51173,0.6612614416068884,6308463.529411765
2021-10-28,2021,Oct,30,Bland,51021,0.7120309074719747,2119101.176470588
2021-10-28,2021,Oct,30,Highland,51091,0.6650706132253011,1427911.7647058824
2021-10-28,2021,Oct,30,Floyd,51063,0.6359642767631056,4265982.352941177
2021-10-28,2021,Oct,30,Henry,51089,0.651475392704079,4412167.05882353
2021-11-04,2021,Nov,31,Russell,51167,0.6692155599594116,1778400
2021-11-04,2021,Nov,31,Smyth,51173,0.61216152811604,6308463.529411765
2021-11-04,2021,Nov,31,Bland,51021,0.6605124473571777,2119101.176470588
2021-11-04,2021,Nov,31,Brunswick,51025,0.6348333252163613,7360094.117647058
2021-11-04,2021,Nov,31,Nottoway,51135,0.629995173681548,10847848.235294117
2021-11-11,2021,Nov,32,Highland,51091,0.6351906657218933,1427911.7647058824
2021-11-11,2021,Nov,32,Amherst,51009,0.6063114658525064,2714445.882352941
2021-11-11,2021,Nov,32,Henry,51089,0.5545046325307527,4412167.05882353
2021-11-11,2021,Nov,32,Brunswick,51025,0.6036987052265975,7360094.117647058
2021-11-11,2021,Nov,32,Nottoway,51135,0.5830838222653804,10847848.235294117
2021-11-11,2021,Nov,32,Nelson,51125,0.5975280210952177,4920480
2021-11-18,2021,Nov,33,Smyth,51173,0.5835626864914665,6308463.529411765
2021-11-18,2021,Nov,33,Bland,51021,0.6301328738530477,2119101.176470588
2021-11-18,2021,Nov,33,Highland,51091,0.6336916089057922,1427911.7647058824
2021-11-18,2021,Nov,33,Floyd,51063,0.534106911502911,4265982.352941177
2021-11-18,2021,Nov,33,Amherst,51009,0.6430354118347168,2714445.882352941
2021-11-18,2021,Nov,33,Henry,51089,0.5156747798643806,4412167.05882353
2021-11-18,2021,Nov,33,Brunswick,51025,0.589967206120491,7360094.117647058
2021-11-25,2021,Nov,34,Smyth,51173,0.5679568873881574,6308463.529411765
2021-11-25,2021,Nov,34,Bland,51021,0.5985013246536255,2119101.176470588
2021-11-25,2021,Nov,34,Highland,51091,0.5490133762359619,1427911.7647058824
2021-11-25,2021,Nov,34,Brunswick,51025,0.5635469737744416,7360094.117647058
2021-11-25,2021,Nov,34,Nottoway,51135,0.5329195770796039,10847848.235294117
2021-12-02,2021,Dec,35,Smyth,51173,0.6034415364265442,6308463.529411765
2021-12-02,2021,Dec,35,Brunswick,51025,0.5376300657202208,7360094.117647058
2021-12-02,2021,Dec,35,Nottoway,51135,0.5144586662451426,10847848.235294117
2021-12-09,2021,Dec,36,Russell,51167,0.5517456531524658,1778400
2021-12-09,2021,Dec,36,Smyth,51173,0.5658022694811892,6308463.529411765
2021-12-09,2021,Dec,36,Bland,51021,0.582699716091156,2119101.176470588
2021-12-09,2021,Dec,36,Highland,51091,0.5345512628555298,1427911.7647058824
2021-12-09,2021,Dec,36,Amherst,51009,0.5604059844648507,2714445.882352941
2021-12-09,2021,Dec,36,Henry,51089,0.46293668265130056,4412167.05882353
2021-12-09,2021,Dec,36,Brunswick,51025,0.5430731701519244,7360094.117647058
2021-12-09,2021,Dec,36,Nottoway,51135,0.5187550536131109,10847848.235294117
2021-12-09,2021,Dec,36,Nelson,51125,0.4772542218430253,4920480
2021-12-23,2021,Dec,38,Brunswick,51025,0.5851932986197292,7360094.117647058
2021-12-23,2021,Dec,38,Nottoway,51135,0.5247938915838304,10847848.235294117
2022-04-01,2022,Apr,0,Russell,51167,0.6298715174198151,1778400
2022-04-01,2022,Apr,0,Smyth,51173,0.5897617061921421,6308463.529411765
2022-04-01,2022,Apr,0,Bland,51021,0.5290781706571579,2119101.176470588
2022-04-08,2022,Apr,1,Floyd,51063,0.6701987087726593,4265982.352941177
2022-04-08,2022,Apr,1,Henry,51089,0.5277154665030904,4412167.05882353
2022-04-15,2022,Apr,2,Russell,51167,0.7046952843666077,1778400
2022-04-15,2022,Apr,2,Smyth,51173,0.6669374189555602,6308463.529411765
2022-04-22,2022,Apr,3,Smyth,51173,0.6608020082869501,6308463.529411765
2022-04-22,2022,Apr,3,Bland,51021,0.6813512047131857,2119101.176470588
2022-04-22,2022,Apr,3,Highland,51091,0.7014952699343363,1427911.7647058824
2022-04-22,2022,Apr,3,Floyd,51063,0.6878371958564818,4265982.352941177
2022-04-22,2022,Apr,3,Henry,51089,0.6996408339339885,4412167.05882353
2022-04-29,2022,Apr,4,Russell,51167,0.7813408076763153,1778400
2022-04-29,2022,Apr,4,Smyth,51173,0.71753511664748,6308463.529411765
2022-04-29,2022,Apr,4,Bland,51021,0.7676167488098145,2119101.176470588
2022-05-13,2022,May,6,Smyth,51173,0.7601254148916765,6308463.529411765
2022-05-13,2022,May,6,Bland,51021,0.77611243724823,2119101.176470588
2022-05-20,2022,May,7,Russell,51167,0.80503049492836,1778400
2022-05-20,2022,May,7,Smyth,51173,0.700444174466261,6308463.529411765
2022-05-20,2022,May,7,Bland,51021,0.734117329120636,2119101.176470588
2022-05-27,2022,May,8,Smyth,51173,0.7316340743603456,6308463.529411765
2022-05-27,2022,May,8,Bland,51021,0.7090917825698853,2119101.176470588
2022-05-27,2022,May,8,Highland,51091,0.7816380659739176,1427911.7647058824
2022-05-27,2022,May,8,Floyd,51063,0.7894991771559818,4265982.352941177
2022-05-27,2022,May,8,Henry,51089,0.7585244312876436,4412167.05882353
2022-05-27,2022,May,8,Brunswick,51025,0.6777175488858624,7360094.117647058
2022-05-27,2022,May,8,Nottoway,51135,0.7246865847292637,10847848.235294117
2022-06-03,2022,Jun,9,Russell,51167,0.7715548276901245,1778400
2022-06-03,2022,Jun,9,Smyth,51173,0.6877264760256253,6308463.529411765
2022-06-03,2022,Jun,9,Bland,51021,0.7916057705879211,2119101.176470588
2022-06-03,2022,Jun,9,Highland,51091,0.7431060969829559,1427911.7647058824
2022-06-03,2022,Jun,9,Amherst,51009,0.6994721594247516,2714445.882352941
2022-06-03,2022,Jun,9,Henry,51089,0.7025139453491192,4412167.05882353
2022-06-03,2022,Jun,9,Brunswick,51025,0.7266893375103606,7360094.117647058
2022-06-03,2022,Jun,9,Nottoway,51135,0.7133723289514898,10847848.235294117
2022-06-03,2022,Jun,9,Nelson,51125,0.6834715174654789,4920480
2022-06-10,2022,Jun,10,Smyth,51173,0.6867641043777004,6308463.529411765
2022-06-10,2022,Jun,10,Bland,51021,0.7830866277217865,2119101.176470588
2022-06-10,2022,Jun,10,Highland,51091,0.8522816300392151,1427911.7647058824
2022-06-10,2022,Jun,10,Floyd,51063,0.6935238410332049,4265982.352941177
2022-06-10,2022,Jun,10,Henry,51089,0.7754447186218298,4412167.05882353
2022-06-17,2022,Jun,11,Russell,51167,0.7224810421466827,1778400
2022-06-17,2022,Jun,11,Smyth,51173,0.6664857488558824,6308463.529411765
2022-06-17,2022,Jun,11,Bland,51021,0.753329336643219,2119101.176470588
2022-06-17,2022,Jun,11,Brunswick,51025,0.7050841814402173,7360094.117647058
2022-06-17,2022,Jun,11,Nottoway,51135,0.6996487565544155,10847848.235294117
2022-06-24,2022,Jun,12,Highland,51091,0.6852726936340332,1427911.7647058824
2022-06-24,2022,Jun,12,Amherst,51009,0.7220037820633879,2714445.882352941
2022-06-24,2022,Jun,12,Henry,51089,0.713389626441111,4412167.05882353
2022-06-24,2022,Jun,12,Brunswick,51025,0.7022870893076975,7360094.117647058
2022-06-24,2022,Jun,12,Nottoway,51135,0.7067971030609993,10847848.235294117
2022-06-24,2022,Jun,12,Nelson,51125,0.6890372788848276,4920480
2022-07-01,2022,Jul,13,Smyth,51173,0.7141490804113152,6308463.529411765
2022-07-01,2022,Jul,13,Bland,51021,0.8169794380664825,2119101.176470588
2022-07-01,2022,Jul,13,Highland,51091,0.7634248534838358,1427911.7647058824
2022-07-01,2022,Jul,13,Floyd,51063,0.6750829987811119,4265982.352941177
2022-07-01,2022,Jul,13,Henry,51089,0.7219838935236186,4412167.05882353
2022-07-01,2022,Jul,13,Brunswick,51025,0.6527227274052382,7360094.117647058
2022-07-01,2022,Jul,13,Nottoway,51135,0.7197773831397586,10847848.235294117
2022-07-15,2022,Jul,15,Smyth,51173,0.7695556183656057,6308463.529411765
2022-07-15,2022,Jul,15,Bland,51021,0.79033562541008,2119101.176470588
2022-07-15,2022,Jul,15,Floyd,51063,0.7297749135356683,4265982.352941177
2022-07-15,2022,Jul,15,Amherst,51009,0.8549832105636597,2714445.882352941
2022-07-15,2022,Jul,15,Henry,51089,0.7940240841564311,4412167.05882353
2022-07-15,2022,Jul,15,Brunswick,51025,0.8150293085446394,7360094.117647058
2022-07-15,2022,Jul,15,Nottoway,51135,0.7464617192257607,10847848.235294117
2022-07-22,2022,Jul,16,Smyth,51173,0.8095471262931824,6308463.529411765
2022-07-29,2022,Jul,17,Smyth,51173,0.6383833885192871,6308463.529411765
2022-07-29,2022,Jul,17,Bland,51021,0.8207671642303467,2119101.176470588
2022-07-29,2022,Jul,17,Highland,51091,0.8220530152320862,1427911.7647058824
2022-07-29,2022,Jul,17,Floyd,51063,0.8041254685276737,4265982.352941177
2022-07-29,2022,Jul,17,Henry,51089,0.8042133369060778,4412167.05882353
2022-07-29,2022,Jul,17,Brunswick,51025,0.8127339125284689,7360094.117647058
2022-07-29,2022,Jul,17,Nottoway,51135,0.7846281393143707,10847848.235294117
2022-08-05,2022,Aug,18,Smyth,51173,0.8360520273975591,6308463.529411765
2022-08-05,2022,Aug,18,Bland,51021,0.7455476522445679,2119101.176470588
2022-08-05,2022,Aug,18,Highland,51091,0.7851426005363464,1427911.7647058824
2022-08-05,2022,Aug,18,Nelson,51125,0.8138631582260132,4920480
2022-08-12,2022,Aug,19,Smyth,51173,0.8398224583693913,6308463.529411765
2022-08-12,2022,Aug,19,Bland,51021,0.8667874932289124,2119101.176470588
2022-08-12,2022,Aug,19,Highland,51091,0.826379656791687,1427911.7647058824
2022-08-12,2022,Aug,19,Floyd,51063,0.8712214350700378,4265982.352941177
2022-08-12,2022,Aug,19,Henry,51089,0.8562593496403574,4412167.05882353
2022-08-19,2022,Aug,20,Russell,51167,0.8178879022598267,1778400
2022-08-19,2022,Aug,20,Smyth,51173,0.7582992407676137,6308463.529411765
2022-08-19,2022,Aug,20,Brunswick,51025,0.8019617998322776,7360094.117647058
2022-08-19,2022,Aug,20,Nottoway,51135,0.8102574321630531,10847848.235294117
2022-08-26,2022,Aug,21,Highland,51091,0.8070150017738342,1427911.7647058824
2022-08-26,2022,Aug,21,Amherst,51009,0.824815808784881,2714445.882352941
2022-08-26,2022,Aug,21,Henry,51089,0.8454220915664482,4412167.05882353
2022-08-26,2022,Aug,21,Brunswick,51025,0.8655264655810421,7360094.117647058
2022-08-26,2022,Aug,21,Nottoway,51135,0.8142606476491046,10847848.235294117
2022-08-26,2022,Aug,21,Nelson,51125,0.8464450753573923,4920480
2022-09-02,2022,Sep,22,Smyth,51173,0.6889651428502135,6308463.529411765
2022-09-09,2022,Sep,23,Amherst,51009,0.8196707471465388,2714445.882352941
2022-09-09,2022,Sep,23,Brunswick,51025,0.6751556777563251,7360094.117647058
2022-09-09,2022,Sep,23,Nottoway,51135,0.7440759628168675,10847848.235294117
2022-09-09,2022,Sep,23,Nelson,51125,0.8069369523502368,4920480
2022-09-16,2022,Sep,24,Smyth,51173,0.742703203640723,6308463.529411765
2022-09-16,2022,Sep,24,Bland,51021,0.7988238334655762,2119101.176470588
2022-09-16,2022,Sep,24,Floyd,51063,0.8032291128786053,4265982.352941177
2022-09-16,2022,Sep,24,Henry,51089,0.781042391897541,4412167.05882353
2022-09-16,2022,Sep,24,Brunswick,51025,0.7435789595127379,7360094.117647058
2022-09-16,2022,Sep,24,Nottoway,51135,0.7229596385408218,10847848.235294117
2022-09-23,2022,Sep,25,Russell,51167,0.7777091264724731,1778400
2022-09-23,2022,Sep,25,Smyth,51173,0.7070203154946622,6308463.529411765
2022-09-23,2022,Sep,25,Highland,51091,0.7224839131037394,1427911.7647058824
2022-09-23,2022,Sep,25,Amherst,51009,0.7134816653751807,2714445.882352941
2022-09-23,2022,Sep,25,Henry,51089,0.7734909226445128,4412167.05882353
2022-09-23,2022,Sep,25,Brunswick,51025,0.7016216321347871,7360094.117647058
2022-09-23,2022,Sep,25,Nottoway,51135,0.6426888326714698,10847848.235294117
2022-09-23,2022,Sep,25,Nelson,51125,0.7636524870477873,4920480
2022-09-30,2022,Sep,26,Smyth,51173,0.7074188367618617,6308463.529411765
2022-09-30,2022,Sep,26,Bland,51021,0.6789605021476746,2119101.176470588
2022-09-30,2022,Sep,26,Highland,51091,0.7191216349601746,1427911.7647058824
2022-09-30,2022,Sep,26,Floyd,51063,0.7793886208011036,4265982.352941177
2022-09-30,2022,Sep,26,Henry,51089,0.7736035378978356,4412167.05882353
2022-10-07,2022,Oct,27,Brunswick,51025,0.702839365473349,7360094.117647058
2022-10-07,2022,Oct,27,Nottoway,51135,0.6846861569883017,10847848.235294117
2022-10-14,2022,Oct,28,Highland,51091,0.6188267668088278,1427911.7647058824
2022-10-14,2022,Oct,28,Amherst,51009,0.641185115476225,2714445.882352941
2022-10-14,2022,Oct,28,Henry,51089,0.693883879182807,4412167.05882353
2022-10-14,2022,Oct,28,Brunswick,51025,0.681849044478474,7360094.117647058
2022-10-14,2022,Oct,28,Nottoway,51135,0.6546827655644339,10847848.235294117
2022-10-14,2022,Oct,28,Nelson,51125,0.6358849969595084,4920480
2022-10-21,2022,Oct,29,Smyth,51173,0.5380231654337465,6308463.529411765
2022-10-21,2022,Oct,29,Bland,51021,0.6149875124295553,2119101.176470588
2022-10-21,2022,Oct,29,Highland,51091,0.6199749708175659,1427911.7647058824
2022-10-21,2022,Oct,29,Floyd,51063,0.6353481846283296,4265982.352941177
2022-10-21,2022,Oct,29,Henry,51089,0.6613426061220655,4412167.05882353
2022-10-21,2022,Oct,29,Nottoway,51135,0.518281077637392,10847848.235294117
2022-10-28,2022,Oct,30,Russell,51167,0.4893447160720825,1778400
2022-10-28,2022,Oct,30,Smyth,51173,0.5062809530586964,6308463.529411765
2022-10-28,2022,Oct,30,Amherst,51009,0.5060356026255218,2714445.882352941
2022-10-28,2022,Oct,30,Brunswick,51025,0.5144976270504488,7360094.117647058
2022-10-28,2022,Oct,30,Nottoway,51135,0.548308324338942,10847848.235294117
2022-10-28,2022,Oct,30,Nelson,51125,0.5284840496151827,4920480
2022-11-04,2022,Nov,31,Smyth,51173,0.5946139887641071,6308463.529411765
2022-11-04,2022,Nov,31,Bland,51021,0.5878516584634781,2119101.176470588
2022-11-04,2022,Nov,31,Brunswick,51025,0.5790108402734638,7360094.117647058
2022-11-04,2022,Nov,31,Nottoway,51135,0.5757881534013634,10847848.235294117
2022-11-18,2022,Nov,33,Smyth,51173,0.5293033335998473,6308463.529411765
2022-11-18,2022,Nov,33,Bland,51021,0.4770922462145488,2119101.176470588
2022-11-18,2022,Nov,33,Highland,51091,0.5906650622685751,1427911.7647058824
2022-11-18,2022,Nov,33,Floyd,51063,0.53511434360476,4265982.352941177
2022-11-18,2022,Nov,33,Henry,51089,0.497383654836001,4412167.05882353
2022-11-18,2022,Nov,33,Brunswick,51025,0.5809167560006752,7360094.117647058
2022-11-18,2022,Nov,33,Nottoway,51135,0.5513833345788128,10847848.235294117
2022-11-25,2022,Nov,34,Russell,51167,0.5531688928604126,1778400
2022-11-25,2022,Nov,34,Smyth,51173,0.5523741350398822,6308463.529411765
2022-11-25,2022,Nov,34,Bland,51021,0.5141386985778809,2119101.176470588
2022-11-25,2022,Nov,34,Highland,51091,0.5694689949353536,1427911.7647058824
2022-11-25,2022,Nov,34,Amherst,51009,0.5785323073309646,2714445.882352941
2022-11-25,2022,Nov,34,Henry,51089,0.486685166269385,4412167.05882353
2022-11-25,2022,Nov,34,Brunswick,51025,0.5950846362898783,7360094.117647058
2022-11-25,2022,Nov,34,Nottoway,51135,0.5786375459367367,10847848.235294117
2022-11-25,2022,Nov,34,Nelson,51125,0.4976690028313979,4920480
2022-12-16,2022,Dec,37,Amherst,51009,0.5624788847770993,2714445.882352941
2022-12-16,2022,Dec,37,Henry,51089,0.4867429829783687,4412167.05882353
2022-12-16,2022,Dec,37,Brunswick,51025,0.5352989727231044,7360094.117647058
2022-12-16,2022,Dec,37,Nottoway,51135,0.5472862398547207,10847848.235294117
2022-12-16,2022,Dec,37,Nelson,51125,0.4945070756693299,4920480
2022-12-23,2022,Dec,38,Highland,51091,0.22794265300035477,1427911.7647058824
2022-12-23,2022,Dec,38,Floyd,51063,0.452211653192838,4265982.352941177
2022-12-23,2022,Dec,38,Amherst,51009,0.5986996293067932,2714445.882352941
2022-12-23,2022,Dec,38,Henry,51089,0.4343087110307715,4412167.05882353
2022-12-23,2022,Dec,38,Brunswick,51025,0.5652387365599287,7360094.117647058
2022-12-23,2022,Dec,38,Nottoway,51135,0.5347295822081517,10847848.235294117
2023-04-15,2023,Apr,2,Smyth,51173,0.7408847808837891,6308463.529411765
2023-04-15,2023,Apr,2,Highland,51091,0.6935915350914001,1427911.7647058824
2023-04-15,2023,Apr,2,Floyd,51063,0.6572357217470804,4265982.352941177
2023-04-15,2023,Apr,2,Henry,51089,0.6529106105862659,4412167.05882353
2023-04-15,2023,Apr,2,Brunswick,51025,0.6479235795325785,7360094.117647058
2023-04-15,2023,Apr,2,Nottoway,51135,0.6570775216666811,10847848.235294117
2023-04-22,2023,Apr,3,Highland,51091,0.6976125240325928,1427911.7647058824
2023-04-22,2023,Apr,3,Amherst,51009,0.6880520865646317,2714445.882352941
2023-04-22,2023,Apr,3,Henry,51089,0.666935691324857,4412167.05882353
2023-04-22,2023,Apr,3,Brunswick,51025,0.717563393685195,7360094.117647058
2023-04-22,2023,Apr,3,Nottoway,51135,0.6598964442109738,10847848.235294117
2023-04-22,2023,Apr,3,Nelson,51125,0.6718885969500439,4920480
2023-04-29,2023,Apr,4,Smyth,51173,0.7944100705846663,6308463.529411765
2023-04-29,2023,Apr,4,Brunswick,51025,0.8019874691963196,7360094.117647058
2023-05-06,2023,May,5,Smyth,51173,0.7859214186668396,6308463.529411765
2023-05-06,2023,May,5,Highland,51091,0.7216618855794271,1427911.7647058824
2023-05-06,2023,May,5,Amherst,51009,0.7071700315443172,2714445.882352941
2023-05-06,2023,May,5,Henry,51089,0.6932049198005035,4412167.05882353
2023-05-06,2023,May,5,Brunswick,51025,0.6725770954815847,7360094.117647058
2023-05-06,2023,May,5,Nottoway,51135,0.6878342142990314,10847848.235294117
2023-05-06,2023,May,5,Nelson,51125,0.6901178674827894,4920480
2023-05-13,2023,May,6,Smyth,51173,0.7205106618618268,6308463.529411765
2023-05-13,2023,May,6,Bland,51021,0.7414540648460388,2119101.176470588
2023-05-13,2023,May,6,Floyd,51063,0.7607548059880035,4265982.352941177
2023-05-13,2023,May,6,Henry,51089,0.7729603879036986,4412167.05882353
2023-05-20,2023,May,7,Russell,51167,0.7645474672317505,1778400
2023-05-20,2023,May,7,Smyth,51173,0.6982629829450887,6308463.529411765
2023-05-20,2023,May,7,Bland,51021,0.823014497756958,2119101.176470588
2023-05-20,2023,May,7,Highland,51091,0.646420975526174,1427911.7647058824
2023-05-20,2023,May,7,Amherst,51009,0.7315252820650736,2714445.882352941
2023-05-20,2023,May,7,Brunswick,51025,0.7491382360458374,7360094.117647058
2023-05-20,2023,May,7,Nottoway,51135,0.6772760321474811,10847848.235294117
2023-05-20,2023,May,7,Nelson,51125,0.7072663505872091,4920480
2023-05-27,2023,May,8,Smyth,51173,0.6451715682966491,6308463.529411765
2023-05-27,2023,May,8,Bland,51021,0.6929787000020345,2119101.176470588
2023-05-27,2023,May,8,Highland,51091,0.7224221626917521,1427911.7647058824
2023-05-27,2023,May,8,Floyd,51063,0.6957894825615127,4265982.352941177
2023-05-27,2023,May,8,Amherst,51009,0.8728330135345459,2714445.882352941
2023-05-27,2023,May,8,Henry,51089,0.7590582711048133,4412167.05882353
2023-06-03,2023,Jun,9,Russell,51167,0.7783665657043457,1778400
2023-06-03,2023,Jun,9,Smyth,51173,0.6651197051603099,6308463.529411765
2023-06-03,2023,Jun,9,Bland,51021,0.7900017301241556,2119101.176470588
2023-06-03,2023,Jun,9,Nottoway,51135,0.6254203617572784,10847848.235294117
2023-06-10,2023,Jun,10,Highland,51091,0.718124270439148,1427911.7647058824
2023-06-10,2023,Jun,10,Amherst,51009,0.781925313188599,2714445.882352941
2023-06-10,2023,Jun,10,Brunswick,51025,0.7366114679775799,7360094.117647058
2023-06-10,2023,Jun,10,Nottoway,51135,0.7492300493623643,10847848.235294117
2023-06-10,2023,Jun,10,Nelson,51125,0.7109544582962611,4920480
2023-06-17,2023,Jun,11,Smyth,51173,0.5853454353029761,6308463.529411765
2023-06-17,2023,Jun,11,Bland,51021,0.7222409248352051,2119101.176470588
2023-06-17,2023,Jun,11,Highland,51091,0.6603856881459554,1427911.7647058824
2023-06-17,2023,Jun,11,Floyd,51063,0.6857014148919995,4265982.352941177
2023-06-17,2023,Jun,11,Amherst,51009,0.8628071546554565,2714445.882352941
2023-06-17,2023,Jun,11,Henry,51089,0.7547131840509311,4412167.05882353
2023-06-24,2023,Jun,12,Russell,51167,0.7074862122535706,1778400
2023-06-24,2023,Jun,12,Smyth,51173,0.6570718707542889,6308463.529411765
2023-06-24,2023,Jun,12,Bland,51021,0.6547679305076599,2119101.176470588
2023-06-24,2023,Jun,12,Henry,51089,0.7730927751622051,4412167.05882353
2023-06-24,2023,Jun,12,Nottoway,51135,0.7825600071558876,10847848.235294117
2023-06-24,2023,Jun,12,Nelson,51125,0.746038502319529,4920480
2023-07-01,2023,Jul,13,Smyth,51173,0.6960049940521436,6308463.529411765
2023-07-01,2023,Jul,13,Bland,51021,0.7139156460762024,2119101.176470588
2023-07-01,2023,Jul,13,Floyd,51063,0.722784459507897,4265982.352941177
2023-07-01,2023,Jul,13,Henry,51089,0.8008456243979221,4412167.05882353
2023-07-08,2023,Jul,14,Russell,51167,0.8195176422595978,1778400
2023-07-08,2023,Jul,14,Smyth,51173,0.7256800566698602,6308463.529411765
2023-07-08,2023,Jul,14,Bland,51021,0.7500827610492706,2119101.176470588
2023-07-08,2023,Jul,14,Highland,51091,0.7743020951747894,1427911.7647058824
2023-07-08,2023,Jul,14,Amherst,51009,0.8137064906687912,2714445.882352941
2023-07-08,2023,Jul,14,Henry,51089,0.7838277660636549,4412167.05882353
2023-07-08,2023,Jul,14,Brunswick,51025,0.7646904084745111,7360094.117647058
2023-07-08,2023,Jul,14,Nottoway,51135,0.84403678089685,10847848.235294117
2023-07-08,2023,Jul,14,Nelson,51125,0.8463145515248982,4920480
2023-07-15,2023,Jul,15,Smyth,51173,0.7989477629890116,6308463.529411765
2023-07-15,2023,Jul,15,Bland,51021,0.8168767988681793,2119101.176470588
2023-07-15,2023,Jul,15,Highland,51091,0.8079436123371124,1427911.7647058824
2023-07-15,2023,Jul,15,Floyd,51063,0.7777160803476969,4265982.352941177
2023-07-15,2023,Jul,15,Amherst,51009,0.897609531879425,2714445.882352941
2023-07-15,2023,Jul,15,Henry,51089,0.8222174048423767,4412167.05882353
2023-07-22,2023,Jul,16,Russell,51167,0.6764394044876099,1778400
2023-07-22,2023,Jul,16,Smyth,51173,0.7702088554700216,6308463.529411765
2023-07-29,2023,Jul,17,Highland,51091,0.7794931133588155,1427911.7647058824
2023-07-29,2023,Jul,17,Amherst,51009,0.8500438706151878,2714445.882352941
2023-07-29,2023,Jul,17,Henry,51089,0.8350506792972727,4412167.05882353
2023-07-29,2023,Jul,17,Brunswick,51025,0.7772960179187416,7360094.117647058
2023-07-29,2023,Jul,17,Nottoway,51135,0.8485153367264525,10847848.235294117
2023-07-29,2023,Jul,17,Nelson,51125,0.8583999705148332,4920480
2023-08-05,2023,Aug,18,Smyth,51173,0.8322681069410197,6308463.529411765
2023-08-05,2023,Aug,18,Bland,51021,0.8245456218719482,2119101.176470588
2023-08-05,2023,Aug,18,Highland,51091,0.7676070332527161,1427911.7647058824
2023-08-05,2023,Aug,18,Floyd,51063,0.8179419356406389,4265982.352941177
2023-08-05,2023,Aug,18,Henry,51089,0.8437016061292012,4412167.05882353
2023-08-05,2023,Aug,18,Brunswick,51025,0.8173740426072963,7360094.117647058
2023-08-05,2023,Aug,18,Nottoway,51135,0.8470625868693016,10847848.235294117
2023-08-12,2023,Aug,19,Nottoway,51135,0.8053303616387503,10847848.235294117
2023-08-19,2023,Aug,20,Floyd,51063,0.7517614364624023,4265982.352941177
2023-08-19,2023,Aug,20,Henry,51089,0.7937607765197754,4412167.05882353
2023-08-19,2023,Aug,20,Brunswick,51025,0.7619909175315579,7360094.117647058
2023-08-19,2023,Aug,20,Nottoway,51135,0.8002455605538328,10847848.235294117
2023-09-02,2023,Sep,22,Smyth,51173,0.6525555153687795,6308463.529411765
2023-09-02,2023,Sep,22,Bland,51021,0.7649101614952087,2119101.176470588
2023-09-02,2023,Sep,22,Highland,51091,0.8024207949638367,1427911.7647058824
2023-09-02,2023,Sep,22,Floyd,51063,0.8023088578341189,4265982.352941177
2023-09-02,2023,Sep,22,Amherst,51009,0.8599855899810791,2714445.882352941
2023-09-02,2023,Sep,22,Henry,51089,0.828379354715443,4412167.05882353
2023-09-02,2023,Sep,22,Brunswick,51025,0.7385407777559365,7360094.117647058
2023-09-02,2023,Sep,22,Nottoway,51135,0.7538625942808302,10847848.235294117
2023-09-09,2023,Sep,23,Smyth,51173,0.8339278427037325,6308463.529411765
2023-09-09,2023,Sep,23,Bland,51021,0.835371732711792,2119101.176470588
2023-09-09,2023,Sep,23,Highland,51091,0.7969606518745422,1427911.7647058824
2023-09-09,2023,Sep,23,Amherst,51009,0.7198290598401456,2714445.882352941
2023-09-09,2023,Sep,23,Henry,51089,0.8094986933165641,4412167.05882353
2023-09-09,2023,Sep,23,Brunswick,51025,0.784960207928093,7360094.117647058
2023-09-09,2023,Sep,23,Nottoway,51135,0.7691527385063749,10847848.235294117
2023-09-09,2023,Sep,23,Nelson,51125,0.7606425012828582,4920480
2023-09-16,2023,Sep,24,Smyth,51173,0.7953457918045008,6308463.529411765
2023-09-16,2023,Sep,24,Bland,51021,0.7242617805798849,2119101.176470588
2023-09-16,2023,Sep,24,Floyd,51063,0.7280908303626011,4265982.352941177
2023-09-16,2023,Sep,24,Amherst,51009,0.8139921426773071,2714445.882352941
2023-09-16,2023,Sep,24,Henry,51089,0.7521657899060608,4412167.05882353
2023-09-23,2023,Sep,25,Russell,51167,0.8046942353248596,1778400
2023-09-23,2023,Sep,25,Smyth,51173,0.6804983692020737,6308463.529411765
2023-09-23,2023,Sep,25,Nottoway,51135,0.6139425933361053,10847848.235294117
2023-09-30,2023,Sep,26,Highland,51091,0.7414061427116394,1427911.7647058824
2023-09-30,2023,Sep,26,Amherst,51009,0.7061895821994041,2714445.882352941
2023-09-30,2023,Sep,26,Henry,51089,0.7674782461505091,4412167.05882353
2023-09-30,2023,Sep,26,Brunswick,51025,0.7523780835193137,7360094.117647058
2023-09-30,2023,Sep,26,Nottoway,51135,0.7299437133835823,10847848.235294117
2023-09-30,2023,Sep,26,Nelson,51125,0.6991317527502126,4920480
2023-10-07,2023,Oct,27,Smyth,51173,0.7390545010566711,6308463.529411765
2023-10-07,2023,Oct,27,Bland,51021,0.5084006786346436,2119101.176470588
2023-10-07,2023,Oct,27,Floyd,51063,0.7483563730261776,4265982.352941177
2023-10-07,2023,Oct,27,Henry,51089,0.7127495044117034,4412167.05882353
2023-10-07,2023,Oct,27,Brunswick,51025,0.7146069226881543,7360094.117647058
2023-10-07,2023,Oct,27,Nottoway,51135,0.6873796106564379,10847848.235294117
2023-10-14,2023,Oct,28,Amherst,51009,0.6297659612939804,2714445.882352941
2023-10-14,2023,Oct,28,Henry,51089,0.6866763650407911,4412167.05882353
2023-10-14,2023,Oct,28,Brunswick,51025,0.691109299659729,7360094.117647058
2023-10-14,2023,Oct,28,Nottoway,51135,0.6727900008360544,10847848.235294117
2023-10-14,2023,Oct,28,Nelson,51125,0.6027625872937333,4920480
2023-10-21,2023,Oct,29,Smyth,51173,0.5565373724181331,6308463.529411765
2023-10-21,2023,Oct,29,Bland,51021,0.5783690611521403,2119101.176470588
2023-10-21,2023,Oct,29,Highland,51091,0.5540603498617808,1427911.7647058824
2023-10-21,2023,Oct,29,Floyd,51063,0.6531168892979622,4265982.352941177
2023-10-21,2023,Oct,29,Henry,51089,0.6659386638370849,4412167.05882353
2023-10-21,2023,Oct,29,Brunswick,51025,0.6296206539147938,7360094.117647058
2023-10-21,2023,Oct,29,Nottoway,51135,0.6111638298069649,10847848.235294117
2023-10-28,2023,Oct,30,Highland,51091,0.4582415024439494,1427911.7647058824
2023-10-28,2023,Oct,30,Amherst,51009,0.546530250771051,2714445.882352941
2023-10-28,2023,Oct,30,Henry,51089,0.5612436052952103,4412167.05882353
2023-10-28,2023,Oct,30,Brunswick,51025,0.6112315003433404,7360094.117647058
2023-10-28,2023,Oct,30,Nottoway,51135,0.5936590076602251,10847848.235294117
2023-10-28,2023,Oct,30,Nelson,51125,0.5250273523976248,4920480
2023-11-04,2023,Nov,31,Smyth,51173,0.44824191200223606,6308463.529411765
2023-11-04,2023,Nov,31,Floyd,51063,0.4956632036370101,4265982.352941177
2023-11-04,2023,Nov,31,Amherst,51009,0.6303970217704773,2714445.882352941
2023-11-04,2023,Nov,31,Henry,51089,0.5049924246874042,4412167.05882353
2023-11-11,2023,Nov,32,Russell,51167,0.6252346634864807,1778400
2023-11-11,2023,Nov,32,Smyth,51173,0.4820073137851177,6308463.529411765
2023-11-11,2023,Nov,32,Bland,51021,0.5369752943515778,2119101.176470588
2023-11-18,2023,Nov,33,Highland,51091,0.44763131936391193,1427911.7647058824
2023-11-18,2023,Nov,33,Amherst,51009,0.5291806041528392,2714445.882352941
2023-11-18,2023,Nov,33,Henry,51089,0.4795802846504521,4412167.05882353
2023-11-18,2023,Nov,33,Brunswick,51025,0.44305978611779545,7360094.117647058
2023-11-18,2023,Nov,33,Nottoway,51135,0.528896285405991,10847848.235294117
2023-11-18,2023,Nov,33,Nelson,51125,0.49971284928606513,4920480
2023-11-25,2023,Nov,34,Smyth,51173,0.5415329076349735,6308463.529411765
2023-11-25,2023,Nov,34,Highland,51091,0.4699760576089223,1427911.7647058824
2023-11-25,2023,Nov,34,Henry,51089,0.4676178336143494,4412167.05882353
2023-11-25,2023,Nov,34,Brunswick,51025,0.5791231669622916,7360094.117647058
2023-11-25,2023,Nov,34,Nottoway,51135,0.5542313090479593,10847848.235294117
2023-12-02,2023,Dec,35,Henry,51089,0.4505731165409088,4412167.05882353
2023-12-02,2023,Dec,35,Brunswick,51025,0.5586240886260038,7360094.117647058
2023-12-02,2023,Dec,35,Nottoway,51135,0.5501087292100317,10847848.235294117
2023-12-09,2023,Dec,36,Henry,51089,0.44968509154417463,4412167.05882353
2023-12-16,2023,Dec,37,Highland,51091,0.3951917514204979,1427911.7647058824
2023-12-16,2023,Dec,37,Amherst,51009,0.46386859666323466,2714445.882352941
2023-12-16,2023,Dec,37,Henry,51089,0.4317555963993073,4412167.05882353
2023-12-16,2023,Dec,37,Brunswick,51025,0.541562700963446,7360094.117647058
2023-12-16,2023,Dec,37,Nottoway,51135,0.5462618469694263,10847848.235294117
2023-12-16,2023,Dec,37,Nelson,51125,0.42764092412037263,4920480
2023-12-23,2023,Dec,38,Brunswick,51025,0.63436558842659,7360094.117647058
2023-12-23,2023,Dec,38,Nottoway,51135,0.5659074265980948,10847848.235294117
2024-04-01,2024,Apr,0,Smyth,51173,0.6362479776144028,6308463.529411765
2024-04-01,2024,Apr,0,Floyd,51063,0.4254433026750049,4265982.352941177
2024-04-08,2024,Apr,1,Highland,51091,0.6975840330123901,1427911.7647058824
2024-04-08,2024,Apr,1,Amherst,51009,0.6232454776763916,2714445.882352941
2024-04-08,2024,Apr,1,Henry,51089,0.6070390008561622,4412167.05882353
2024-04-08,2024,Apr,1,Nottoway,51135,0.48195138573646545,10847848.235294117
2024-04-15,2024,Apr,2,Brunswick,51025,0.5893781185150146,7360094.117647058
2024-04-15,2024,Apr,2,Nottoway,51135,0.6621344909071922,10847848.235294117
2024-04-22,2024,Apr,3,Russell,51167,0.8474777340888977,1778400
2024-04-22,2024,Apr,3,Smyth,51173,0.7622979939987623,6308463.529411765
2024-04-22,2024,Apr,3,Brunswick,51025,0.633098304271698,7360094.117647058
2024-04-22,2024,Apr,3,Nottoway,51135,0.7136191129684448,10847848.235294117
2024-04-22,2024,Apr,3,Nelson,51125,0.7595928907394409,4920480
2024-04-29,2024,Apr,4,Smyth,51173,0.6816591620445251,6308463.529411765
2024-04-29,2024,Apr,4,Henry,51089,0.6947625164240419,4412167.05882353
2024-04-29,2024,Apr,4,Brunswick,51025,0.8538636565208435,7360094.117647058
2024-05-06,2024,May,5,Highland,51091,0.6844972769419352,1427911.7647058824
2024-05-06,2024,May,5,Amherst,51009,0.7525864701490013,2714445.882352941
2024-05-06,2024,May,5,Henry,51089,0.6988843071312176,4412167.05882353
2024-05-06,2024,May,5,Brunswick,51025,0.7473048159161455,7360094.117647058
2024-05-06,2024,May,5,Nottoway,51135,0.6894118401684372,10847848.235294117
2024-05-06,2024,May,5,Nelson,51125,0.6628761112143697,4920480
2024-05-13,2024,May,6,Smyth,51173,0.7318856494029125,6308463.529411765
2024-05-13,2024,May,6,Bland,51021,0.7453750371932983,2119101.176470588
2024-05-13,2024,May,6,Highland,51091,0.7116156816482544,1427911.7647058824
2024-05-13,2024,May,6,Floyd,51063,0.7687000505954747,4265982.352941177
2024-05-13,2024,May,6,Henry,51089,0.7059690952301025,4412167.05882353
2024-05-20,2024,May,7,Brunswick,51025,0.694061104042021,7360094.117647058
2024-05-20,2024,May,7,Nottoway,51135,0.6938562393449212,10847848.235294117
2024-05-27,2024,May,8,Highland,51091,0.5736758708953857,1427911.7647058824
2024-05-27,2024,May,8,Amherst,51009,0.6619292070431878,2714445.882352941
2024-05-27,2024,May,8,Henry,51089,0.7536584170353444,4412167.05882353
2024-05-27,2024,May,8,Brunswick,51025,0.7427069719528919,7360094.117647058
2024-05-27,2024,May,8,Nottoway,51135,0.6897316958680826,10847848.235294117
2024-05-27,2024,May,8,Nelson,51125,0.66172194480896,4920480
2024-06-03,2024,Jun,9,Smyth,51173,0.6544482332310941,6308463.529411765
2024-06-03,2024,Jun,9,Bland,51021,0.7311463554700216,2119101.176470588
2024-06-03,2024,Jun,9,Highland,51091,0.6633448600769043,1427911.7647058824
2024-06-03,2024,Jun,9,Floyd,51063,0.6183867919278312,4265982.352941177
2024-06-03,2024,Jun,9,Henry,51089,0.7936795254548391,4412167.05882353
2024-06-03,2024,Jun,9,Brunswick,51025,0.8019348867237568,7360094.117647058
2024-06-10,2024,Jun,10,Smyth,51173,0.741781343905547,6308463.529411765
2024-06-10,2024,Jun,10,Bland,51021,0.7893863320350647,2119101.176470588
2024-06-10,2024,Jun,10,Highland,51091,0.6789968808492025,1427911.7647058824
2024-06-10,2024,Jun,10,Amherst,51009,0.7572134314746608,2714445.882352941
2024-06-10,2024,Jun,10,Henry,51089,0.7373425073731527,4412167.05882353
2024-06-10,2024,Jun,10,Brunswick,51025,0.6481554223544078,7360094.117647058
2024-06-10,2024,Jun,10,Nottoway,51135,0.7079863757221743,10847848.235294117
2024-06-10,2024,Jun,10,Nelson,51125,0.7412644430019316,4920480
2024-06-17,2024,Jun,11,Smyth,51173,0.6545253694057465,6308463.529411765
2024-06-17,2024,Jun,11,Bland,51021,0.5862846225500107,2119101.176470588
2024-06-17,2024,Jun,11,Highland,51091,0.7012990117073059,1427911.7647058824
2024-06-17,2024,Jun,11,Floyd,51063,0.5083611905574799,4265982.352941177
2024-06-17,2024,Jun,11,Amherst,51009,0.8722630143165588,2714445.882352941
2024-06-17,2024,Jun,11,Henry,51089,0.7282441440045442,4412167.05882353
2024-06-17,2024,Jun,11,Brunswick,51025,0.6766619916876911,7360094.117647058
2024-06-17,2024,Jun,11,Nottoway,51135,0.7114252629640884,10847848.235294117
2024-06-24,2024,Jun,12,Smyth,51173,0.6400753110647202,6308463.529411765
2024-06-24,2024,Jun,12,Brunswick,51025,0.7172987718473781,7360094.117647058
2024-06-24,2024,Jun,12,Nottoway,51135,0.6851022844549667,10847848.235294117
2024-06-24,2024,Jun,12,Nelson,51125,0.767025903787142,4920480
2024-07-01,2024,Jul,13,Highland,51091,0.7547333637873331,1427911.7647058824
2024-07-01,2024,Jul,13,Floyd,51063,0.6284723470496774,4265982.352941177
2024-07-01,2024,Jul,13,Henry,51089,0.7143212575696031,4412167.05882353
2024-07-08,2024,Jul,14,Russell,51167,0.5718421041965485,1778400
2024-07-08,2024,Jul,14,Smyth,51173,0.6718545863227712,6308463.529411765
2024-07-08,2024,Jul,14,Bland,51021,0.7072892189025879,2119101.176470588
2024-07-08,2024,Jul,14,Brunswick,51025,0.7371956969870896,7360094.117647058
2024-07-08,2024,Jul,14,Nottoway,51135,0.7644315333511307,10847848.235294117
2024-07-15,2024,Jul,15,Highland,51091,0.6404621799786886,1427911.7647058824
2024-07-15,2024,Jul,15,Amherst,51009,0.7880720440116119,2714445.882352941
2024-07-15,2024,Jul,15,Henry,51089,0.7013687271820871,4412167.05882353
2024-07-15,2024,Jul,15,Brunswick,51025,0.7579652404490358,7360094.117647058
2024-07-15,2024,Jul,15,Nottoway,51135,0.8086821786494196,10847848.235294117
2024-07-15,2024,Jul,15,Nelson,51125,0.7034047550427891,4920480
2024-07-29,2024,Jul,17,Amherst,51009,0.8480741821616282,2714445.882352941
2024-07-29,2024,Jul,17,Henry,51089,0.7929735352304289,4412167.05882353
2024-07-29,2024,Jul,17,Brunswick,51025,0.7955075833946467,7360094.117647058
2024-07-29,2024,Jul,17,Nottoway,51135,0.8213344888836192,10847848.235294117
2024-07-29,2024,Jul,17,Nelson,51125,0.7826063351937883,4920480
2024-08-05,2024,Aug,18,Smyth,51173,0.8205122073191369,6308463.529411765
2024-08-05,2024,Aug,18,Bland,51021,0.8116177121798197,2119101.176470588
2024-08-05,2024,Aug,18,Highland,51091,0.7138053774833679,1427911.7647058824
2024-08-05,2024,Aug,18,Floyd,51063,0.7985435128211975,4265982.352941177
2024-08-12,2024,Aug,19,Russell,51167,0.8300268352031708,1778400
2024-08-12,2024,Aug,19,Smyth,51173,0.780508584014336,6308463.529411765
2024-08-12,2024,Aug,19,Bland,51021,0.8372434675693512,2119101.176470588
2024-08-12,2024,Aug,19,Brunswick,51025,0.8574907419486246,7360094.117647058
2024-08-12,2024,Aug,19,Nottoway,51135,0.8470465010876844,10847848.235294117
2024-08-19,2024,Aug,20,Smyth,51173,0.794535223907825,6308463.529411765
2024-08-19,2024,Aug,20,Bland,51021,0.7961427569389343,2119101.176470588
2024-08-19,2024,Aug,20,Highland,51091,0.7649187445640564,1427911.7647058824
2024-08-19,2024,Aug,20,Floyd,51063,0.8149170958416745,4265982.352941177
2024-08-19,2024,Aug,20,Henry,51089,0.843268092950696,4412167.05882353
2024-08-19,2024,Aug,20,Brunswick,51025,0.808528271343757,7360094.117647058
2024-08-19,2024,Aug,20,Nottoway,51135,0.8167559434744395,10847848.235294117
2024-08-26,2024,Aug,21,Russell,51167,0.6986107230186462,1778400
2024-08-26,2024,Aug,21,Smyth,51173,0.7145486805829213,6308463.529411765
2024-08-26,2024,Aug,21,Bland,51021,0.7451478540897369,2119101.176470588
2024-09-02,2024,Sep,22,Smyth,51173,0.722248280870078,6308463.529411765
2024-09-02,2024,Sep,22,Bland,51021,0.7859441439310709,2119101.176470588
2024-09-02,2024,Sep,22,Highland,51091,0.832729160785675,1427911.7647058824
2024-09-02,2024,Sep,22,Floyd,51063,0.783274568778026,4265982.352941177
2024-09-02,2024,Sep,22,Henry,51089,0.8311813688268619,4412167.05882353
2024-09-09,2024,Sep,23,Smyth,51173,0.6467305522062965,6308463.529411765
2024-09-09,2024,Sep,23,Brunswick,51025,0.8090554688692156,7360094.117647058
2024-09-09,2024,Sep,23,Nottoway,51135,0.7985166533493376,10847848.235294117
2024-09-23,2024,Sep,25,Smyth,51173,0.6967933183261934,6308463.529411765
2024-09-23,2024,Sep,25,Bland,51021,0.7808757722377777,2119101.176470588
2024-09-23,2024,Sep,25,Floyd,51063,0.8233157992362976,4265982.352941177
2024-09-30,2024,Sep,26,Smyth,51173,0.5969277620315552,6308463.529411765
2024-09-30,2024,Sep,26,Highland,51091,0.6531012952327728,1427911.7647058824
2024-09-30,2024,Sep,26,Brunswick,51025,0.7541828476657907,7360094.117647058
2024-09-30,2024,Sep,26,Nottoway,51135,0.7286943170157346,10847848.235294117
2024-10-07,2024,Oct,27,Smyth,51173,0.673589050273251,6308463.529411765
2024-10-07,2024,Oct,27,Bland,51021,0.698540469010671,2119101.176470588
2024-10-07,2024,Oct,27,Highland,51091,0.7512022654215494,1427911.7647058824
2024-10-07,2024,Oct,27,Floyd,51063,0.7127158963856173,4265982.352941177
2024-10-07,2024,Oct,27,Henry,51089,0.7469545226348073,4412167.05882353
2024-10-07,2024,Oct,27,Brunswick,51025,0.6995000765503901,7360094.117647058
2024-10-07,2024,Oct,27,Nottoway,51135,0.6644192611040732,10847848.235294117
2024-10-14,2024,Oct,28,Russell,51167,0.636775553226471,1778400
2024-10-14,2024,Oct,28,Smyth,51173,0.5629621785226044,6308463.529411765
2024-10-14,2024,Oct,28,Bland,51021,0.7304010987281799,2119101.176470588
2024-10-14,2024,Oct,28,Highland,51091,0.6000576416651408,1427911.7647058824
2024-10-14,2024,Oct,28,Amherst,51009,0.6437979607854776,2714445.882352941
2024-10-14,2024,Oct,28,Henry,51089,0.6937705089452996,4412167.05882353
2024-10-14,2024,Oct,28,Brunswick,51025,0.6686643697188843,7360094.117647058
2024-10-14,2024,Oct,28,Nottoway,51135,0.6580939531236931,10847848.235294117
2024-10-14,2024,Oct,28,Nelson,51125,0.6830394361959504,4920480
2024-10-21,2024,Oct,29,Floyd,51063,0.5058654153669203,4265982.352941177
2024-10-21,2024,Oct,29,Henry,51089,0.6294611714573555,4412167.05882353
2024-10-28,2024,Oct,30,Russell,51167,0.6342581212520599,1778400
2024-10-28,2024,Oct,30,Smyth,51173,0.5611273515996378,6308463.529411765
2024-10-28,2024,Oct,30,Bland,51021,0.626018762588501,2119101.176470588
2024-10-28,2024,Oct,30,Brunswick,51025,0.5880800532906125,7360094.117647058
2024-10-28,2024,Oct,30,Nottoway,51135,0.6009275305396558,10847848.235294117
2024-11-11,2024,Nov,32,Smyth,51173,0.5296262158153582,6308463.529411765
2024-11-11,2024,Nov,32,Highland,51091,0.483855664730072,1427911.7647058824
2024-11-11,2024,Nov,32,Floyd,51063,0.6244171261787415,4265982.352941177
2024-11-11,2024,Nov,32,Amherst,51009,0.7014634013175964,2714445.882352941
2024-11-11,2024,Nov,32,Henry,51089,0.5831744268315056,4412167.05882353
2024-11-11,2024,Nov,32,Brunswick,51025,0.5879797481122564,7360094.117647058
2024-11-11,2024,Nov,32,Nottoway,51135,0.5207371952987853,10847848.235294117
2024-11-25,2024,Nov,34,Brunswick,51025,0.6186296258130687,7360094.117647058
2024-11-25,2024,Nov,34,Nottoway,51135,0.569340742912584,10847848.235294117
2024-12-02,2024,Dec,35,Henry,51089,0.4629448917123772,4412167.05882353
2024-12-02,2024,Dec,35,Brunswick,51025,0.5430737831953689,7360094.117647058
2024-12-02,2024,Dec,35,Nottoway,51135,0.5499240397893943,10847848.235294117
2024-12-09,2024,Dec,36,Highland,51091,0.4905731976032257,1427911.7647058824
2024-12-09,2024,Dec,36,Floyd,51063,0.3903202950832546,4265982.352941177
2024-12-09,2024,Dec,36,Henry,51089,0.43563576340675353,4412167.05882353
2024-12-16,2024,Dec,37,Highland,51091,0.4702739119529724,1427911.7647058824
2024-12-16,2024,Dec,37,Amherst,51009,0.48927994694720545,2714445.882352941
2024-12-16,2024,Dec,37,Henry,51089,0.44209049792354865,4412167.05882353
2024-12-16,2024,Dec,37,Brunswick,51025,0.5435278242946223,7360094.117647058
2024-12-16,2024,Dec,37,Nottoway,51135,0.545814794632612,10847848.235294117
2024-12-16,2024,Dec,37,Nelson,51125,0.4763090826509568,4920480
