date,county,GEOID,T_day,T_night,T_avg
2024-01-01,Danville,51590,7.188557229082482,-0.607174723591164,0.7458000815716418
2024-01-01,Salem,51775,4.192916968400294,-0.5867606155365092,1.895358688415475
2024-01-01,Newport News,51700,6.840755967157923,1.495604433332775,2.9123408473815076
2024-01-01,Portsmouth,51740,7.298605284613129,2.493164457823984,4.688258967801198
2024-01-01,Hampton,51650,6.8818404256943815,1.2618715875319928,2.883146618563909
2024-01-01,Virginia Beach,51810,7.747244557307654,3.501041486725024,6.389548747580263
2024-01-01,Norfolk,51710,7.882419758459397,2.985438258701023,5.22468263282724
2024-01-01,Falls Church,51610,5.717324865281012,-0.9631062355657845,1.3907996535797096
2024-01-01,Charlottesville,51540,4.408897528142072,-0.6486731654481143,-1.1631573692748984
2024-01-08,Danville,51590,7.464060671502697,2.4363355206084063,3.954434861657188
2024-01-08,Salem,51775,7.12773507790216,-0.1279145545314655,2.918506418696539
2024-01-08,Newport News,51700,9.749074874171985,4.440625985355464,6.6940184493405805
2024-01-08,Portsmouth,51740,9.960203458276764,4.5778409633246735,6.727954587172834
2024-01-08,Hampton,51650,10.16267933214239,4.652954743255034,6.912865764280184
2024-01-08,Virginia Beach,51810,10.099145730057288,5.089571318732589,7.040098381360756
2024-01-08,Norfolk,51710,10.454509002380464,5.343254995311291,7.578673269555463
2024-01-08,Falls Church,51610,6.883342956120124,0.7892453810623831,3.665727482679009
2024-01-08,Winchester,51840,6.0915443638984526,0.5866865912077954,3.7251796407185904
2024-01-08,Charlottesville,51540,7.538152102433203,1.8666842288499768,3.431387760628245
2024-01-15,Danville,51590,0.24029237499310596,-6.68537566679585,-3.5300171659560067
2024-01-15,Salem,51775,-0.7189684679404281,-12.1611749873928,-6.16841911764703
2024-01-15,Newport News,51700,1.7138589207881847,-2.2400714378299145,-1.112388506016387
2024-01-15,Portsmouth,51740,1.3685340395098275,-2.4423596699278285,-1.31499761512442
2024-01-15,Hampton,51650,1.2768382404364251,-2.6556569223954773,-1.4761765519669694
2024-01-15,Virginia Beach,51810,1.2415635778654708,-2.357880851485359,-1.2264472105938944
2024-01-15,Norfolk,51710,2.322468429260541,-1.833058644325945,-0.30815138230924205
2024-01-15,Falls Church,51610,-4.734572748267867,-10.24874999999999,-7.324583333333313
2024-01-15,Charlottesville,51540,-0.7252693074949879,-7.780368941873127,-4.993902662993548
2024-01-22,Newport News,51700,9.637007287390857,0.5680521776018371,4.177073644666133
2024-01-22,Portsmouth,51740,11.795433265236673,0.6744533409589423,0.20360702026356395
2024-01-22,Hampton,51650,10.7383299531436,-3.0759142173193883,-0.7064248624350646
2024-01-22,Virginia Beach,51810,12.869753673930203,0.1373323898929373,5.669322097849357
2024-01-22,Norfolk,51710,11.672356294994728,4.2065749776186525,7.060710396486399
2024-01-22,Falls Church,51610,9.545354118552762,3.927413394919198,10.329763279445752
2024-01-22,Charlottesville,51540,12.605932845924755,7.336687913125624,5.518796317606473
2024-01-29,Danville,51590,10.835054275799727,1.720691206600618,5.7140106041309355
2024-01-29,Salem,51775,9.618239521615124,0.531175663813942,5.419469634628076
2024-01-29,Newport News,51700,8.914715546135103,2.2938967956212735,5.6898049698654125
2024-01-29,Portsmouth,51740,9.732877876845258,2.73509425338475,5.817925726718243
2024-01-29,Hampton,51650,9.065849022032916,2.410117859923988,5.874185807204703
2024-01-29,Virginia Beach,51810,9.663971523227856,2.2778386044141374,5.162563925946823
2024-01-29,Norfolk,51710,9.483837863869898,3.144082341484558,6.116642298134375
2024-01-29,Falls Church,51610,8.90886547344114,0.30014434180141963,4.848949191685944
2024-01-29,Winchester,51840,8.576394505913804,-0.11509038418829189,4.229219853431073
2024-01-29,Charlottesville,51540,9.880601910951244,0.940276198212862,5.369333874898488
2024-02-05,Danville,51590,9.546500452221457,0.745197131624149,4.536612353950969
2024-02-05,Salem,51775,10.373456769804726,0.3168669080535719,4.903405886548197
2024-02-05,Newport News,51700,9.404030527041112,1.9662992182570609,5.579502496269445
2024-02-05,Portsmouth,51740,10.108650770341567,2.2091115475837837,6.122208005978883
2024-02-05,Hampton,51650,9.74893095445318,1.761656154092832,5.663636190127219
2024-02-05,Virginia Beach,51810,9.529812080758385,1.9798615908500512,5.725495842691287
2024-02-05,Norfolk,51710,10.322552946692662,2.6622742924782377,6.442804778424381
2024-02-05,Falls Church,51610,8.951720554272546,0.3416002694380564,4.695885296381863
2024-02-05,Winchester,51840,10.398046759082654,-2.5149573953961295,2.850166372002388
2024-02-05,Charlottesville,51540,9.017734903872222,0.8438797338594523,5.043048237979218
2024-02-12,Danville,51590,12.72038780294224,4.1368239751186255,7.886898914668618
2024-02-12,Salem,51775,8.698459787140692,3.81414417379858,7.60428365701122
2024-02-12,Newport News,51700,10.744550234873484,4.008730570250764,6.999652574686293
2024-02-12,Portsmouth,51740,11.686174847339016,3.8771067831663175,7.570576823302728
2024-02-12,Hampton,51650,10.970944508960114,4.287760142305314,7.11825466080348
2024-02-12,Virginia Beach,51810,9.86667276513816,4.663268784125683,6.853990962104799
2024-02-12,Norfolk,51710,11.119308735482974,4.363864619006882,7.889458930170131
2024-02-12,Falls Church,51610,3.4494207082371324,0.30302251732104213,1.1712875288683855
2024-02-19,Danville,51590,10.539458884766637,1.4089412019861125,5.31094297395577
2024-02-19,Salem,51775,9.769404761904791,0.3158059030063934,4.008359797297328
2024-02-19,Newport News,51700,10.685439144821474,1.8852855471781431,6.762291304186905
2024-02-19,Portsmouth,51740,11.249825066999549,2.024066619277467,7.2806153206920285
2024-02-19,Hampton,51650,10.834059319316593,1.753062006626691,6.951094086390943
2024-02-19,Virginia Beach,51810,10.838304184979322,1.7013994416286746,6.9039319685099745
2024-02-19,Norfolk,51710,11.471252053517018,2.434354424477236,7.62287607877852
2024-02-19,Falls Church,51610,9.390207852194024,0.6002170900693127,4.792898383371854
2024-02-19,Winchester,51840,7.658579422612262,-1.1476049005892306,2.616339395480973
2024-02-19,Charlottesville,51540,9.711383312057594,1.3956454295772227,4.903261382538428
2024-02-26,Newport News,51700,12.659130561368956,4.9736002162501824,9.2727774898506
2024-02-26,Portsmouth,51740,14.715675563224316,6.01596019863626,11.5426380447673
2024-02-26,Hampton,51650,13.787629975722616,5.71529589908239,10.767357961919624
2024-02-26,Virginia Beach,51810,13.59287216513544,5.690383369889604,10.551576776452984
2024-02-26,Norfolk,51710,14.673498376974722,6.121985068167093,11.258502561767076
2024-02-26,Falls Church,51610,10.293509430331056,3.9603579676674663,5.823739414934596
2024-02-26,Winchester,51840,10.80135084149394,1.980321760142468,9.88611234622798
2024-03-04,Salem,51775,21.40788978494626,7.256556291390753,14.186802245842644
2024-03-04,Newport News,51700,14.900865949492667,9.571897175226994,12.120764031248298
2024-03-04,Portsmouth,51740,14.916282825009818,9.840046557777464,13.063828987438171
2024-03-04,Hampton,51650,15.081307620661788,7.359357440397085,11.359066224572118
2024-03-04,Virginia Beach,51810,12.968764959865585,7.993888960227888,11.732083070792424
2024-03-04,Norfolk,51710,14.273204179238425,9.065653804199645,12.27821012795101
2024-03-04,Winchester,51840,17.217200813938728,6.2094101328661475,10.980195729537408
2024-03-11,Danville,51590,19.15545481477383,7.930362783099872,12.251882002510328
2024-03-11,Salem,51775,18.7698498463902,5.787761273864414,10.388473913759082
2024-03-11,Newport News,51700,18.059196895663,10.262095825794074,13.826647143601145
2024-03-11,Portsmouth,51740,20.60238917238765,9.488932927053153,14.757403539043311
2024-03-11,Hampton,51650,19.29851846762252,9.68397413464037,14.025869514133696
2024-03-11,Virginia Beach,51810,19.557626505780785,9.33818486473696,13.94236585467508
2024-03-11,Norfolk,51710,20.169757652713553,9.947867480022856,14.78372893974404
2024-03-11,Falls Church,51610,18.05777367205546,8.393394919168616,13.657722286374163
2024-03-11,Winchester,51840,17.87307075331726,5.211436262664832,12.643663889948735
2024-03-11,Charlottesville,51540,21.17929240648333,7.817410351630532,15.14152353874128
2024-03-18,Danville,51590,17.043547003340944,6.680577551359466,11.94623742547578
2024-03-18,Salem,51775,16.77957184002636,4.972114878209379,10.607497668422234
2024-03-18,Newport News,51700,15.568853489441508,7.856075561372131,12.038624411242765
2024-03-18,Portsmouth,51740,16.309423882806346,7.545161043601725,12.830568288302391
2024-03-18,Hampton,51650,16.247023269662435,7.485087375750104,12.077978888579928
2024-03-18,Virginia Beach,51810,15.160550253356488,7.03253558925575,12.283219349665613
2024-03-18,Norfolk,51710,16.60830347573445,7.732895082320058,12.917657741388249
2024-03-18,Falls Church,51610,15.67623383371828,2.5997142032332823,8.656216320246374
2024-03-18,Winchester,51840,14.703591250159004,2.1084965449998183,8.255778752808542
2024-03-18,Charlottesville,51540,15.822442071873455,5.013453676840386,10.351508258868162
2024-03-25,Danville,51590,21.234722022260407,8.022346337006512,14.065704266802372
2024-03-25,Salem,51775,18.824173798551712,6.438782367785856,12.800813446346314
2024-03-25,Newport News,51700,16.124577632876175,8.3575820460507515,11.612286183195785
2024-03-25,Portsmouth,51740,21.12601264118852,8.04649427903621,15.521202059882675
2024-03-25,Hampton,51650,20.24434844181823,8.466939512619698,16.216106817881606
2024-03-25,Virginia Beach,51810,19.569862520734382,8.51803925356625,15.675298993966374
2024-03-25,Norfolk,51710,21.73816006491115,8.636852921766929,17.122770249484166
2024-03-25,Falls Church,51610,14.60574287913783,5.182821401077777,9.281351039261
2024-03-25,Winchester,51840,17.075053202764025,3.4475556403408665,9.953997931034518
2024-03-25,Charlottesville,51540,17.847522339561365,6.412940698619035,11.414267726587008
2024-04-01,Danville,51590,19.41748555660153,8.334898222492978,12.432956466766385
2024-04-01,Salem,51775,18.686832620144855,7.16210706056619,13.872413045863544
2024-04-01,Newport News,51700,17.926850077446822,8.277449396704766,13.907372626342726
2024-04-01,Portsmouth,51740,19.61525098816651,8.76255515988108,14.612269684234043
2024-04-01,Hampton,51650,18.656844548272364,7.745963746246796,14.12325673278506
2024-04-01,Virginia Beach,51810,18.363173679274023,9.294639021928154,13.880112187821592
2024-04-01,Norfolk,51710,19.54353104487251,8.909758961587837,14.823266512166889
2024-04-01,Falls Church,51610,17.30287047729025,4.8397671285604575,12.974224403387252
2024-04-01,Winchester,51840,20.37749077960068,3.0468943151469197,12.954060791046698
2024-04-01,Charlottesville,51540,18.376328691346597,5.030362848632576,12.078507407837252
2024-04-08,Danville,51590,23.74038660317111,10.6801014044187,17.335570504419636
2024-04-08,Salem,51775,19.593658172159063,10.871201996927828,14.522000570504924
2024-04-08,Newport News,51700,22.717713483178187,12.97150583184096,17.870247313000622
2024-04-08,Portsmouth,51740,24.063487940085952,11.45032939272658,17.88257038121358
2024-04-08,Hampton,51650,24.06352972836794,12.74595316164586,18.31248906371677
2024-04-08,Virginia Beach,51810,22.86213146249695,9.539329759786106,16.661018675661055
2024-04-08,Norfolk,51710,24.130595071559263,12.326454750887796,18.334312822224735
2024-04-08,Falls Church,51610,22.979428791378023,10.398712471131672,18.216870669745997
2024-04-08,Winchester,51840,22.203133791173872,8.82054898469628,15.739043533930882
2024-04-08,Charlottesville,51540,24.372422536845793,10.267665080654556,18.313874898456575
2024-04-15,Falls Church,51610,25.89206697459587,16.14636836027717,18.97286792452832
2024-04-15,Winchester,51840,24.814071389206863,13.888636228750718,19.077471410419346
2024-04-15,Charlottesville,51540,30.87445630729956,17.604718579552074,23.76230378704722
2024-04-22,Danville,51590,22.165491601602216,7.46185696882444,14.119119921738037
2024-04-22,Salem,51775,23.365821757735382,7.646645590000322,14.391352273059956
2024-04-22,Newport News,51700,20.13542258100491,9.046555687814273,13.91391211095299
2024-04-22,Portsmouth,51740,23.126918050202608,8.996063303841336,15.18725170615915
2024-04-22,Hampton,51650,20.701432793679007,8.329929811627954,13.775864031147073
2024-04-22,Virginia Beach,51810,21.021804135557936,9.241265296658227,13.172652153962355
2024-04-22,Norfolk,51710,22.432053167954184,9.327127639357371,13.10546309425081
2024-04-22,Falls Church,51610,23.942957274826817,9.017222863741376,16.791674364896107
2024-04-22,Winchester,51840,23.21444444444447,5.731014283210683,13.577794426919064
2024-04-22,Charlottesville,51540,23.387775482573236,8.36645288427091,12.780959989934608
2024-04-29,Danville,51590,29.99395084630016,17.478834404977462,24.15803543445588
2024-04-29,Salem,51775,32.05367922975645,17.222862472021905,24.609417249417262
2024-04-29,Newport News,51700,28.657919914953965,20.48013739890084,24.459064398370025
2024-04-29,Portsmouth,51740,29.715858083385367,20.134958087056575,24.665249274936695
2024-04-29,Hampton,51650,29.63375942467137,20.10478543508469,24.38356889285881
2024-04-29,Virginia Beach,51810,28.881044002973,18.867996052994172,23.64924336893121
2024-04-29,Norfolk,51710,29.945871265109975,20.58349953112605,24.96067464114837
2024-04-29,Falls Church,51610,33.91246343341036,19.61733286418019,26.889612948627764
2024-04-29,Winchester,51840,32.62817457289418,16.648772657785564,24.671978597947167
2024-04-29,Charlottesville,51540,34.10156086805156,18.57000000000005,27.049489051094916
2024-05-06,Danville,51590,24.167283341234697,18.047097199918813,21.092672416865703
2024-05-06,Salem,51775,23.846217906517477,15.864208360763694,18.29485744056079
2024-05-06,Newport News,51700,22.482713000633684,16.683092997561754,16.31052120592747
2024-05-06,Portsmouth,51740,27.999185236854053,19.53473836347467,18.210996693893456
2024-05-06,Hampton,51650,23.71204830589969,17.66145168598002,17.48302195121955
2024-05-06,Virginia Beach,51810,26.268666313810215,17.476685746774226,17.26808509191911
2024-05-06,Norfolk,51710,27.44429330764841,19.56375171637596,19.028802797955368
2024-05-06,Charlottesville,51540,22.16943118123316,11.458380333449414,17.34948787672788
2024-05-13,Newport News,51700,24.60134350925195,15.73829780338058,18.325733404600907
2024-05-13,Portsmouth,51740,26.104357355262703,14.69337475762386,19.34054782751005
2024-05-13,Hampton,51650,26.214999654433623,15.373989115993098,19.147943666082927
2024-05-13,Virginia Beach,51810,24.1850736833113,14.159275447899317,18.689002940729143
2024-05-13,Norfolk,51710,25.88898782916578,14.8216736964079,19.831101761252487
2024-05-13,Falls Church,51610,29.372003464203264,12.222176674364931,20.47066974595846
2024-05-13,Winchester,51840,27.09404680147528,10.040956973293794,17.043889262308895
2024-05-13,Charlottesville,51540,29.351426250435217,12.47659470932343,16.6988517279822
2024-05-20,Danville,51590,28.244250964431444,17.737450947819223,23.023739432785167
2024-05-20,Salem,51775,31.2251143844635,18.38279198276672,26.00630357775419
2024-05-20,Newport News,51700,26.45915391812466,18.253628317526378,22.146812957879707
2024-05-20,Portsmouth,51740,27.735249336123484,18.108264987701485,23.24963532679862
2024-05-20,Hampton,51650,27.971559746843216,18.603802305311756,23.592394890225123
2024-05-20,Virginia Beach,51810,28.021170043441412,17.298752263874405,22.752347286591828
2024-05-20,Norfolk,51710,29.03561148380586,18.561048471206178,24.28324293185485
2024-05-20,Falls Church,51610,32.42101616628181,19.164191685912275,26.013469976905352
2024-05-20,Winchester,51840,28.961508330153915,15.49901945822208,21.54503370214933
2024-05-20,Charlottesville,51540,31.171541526440013,18.121859174964467,24.711472972973
2024-05-27,Danville,51590,27.515741227827373,15.865987550067407,22.05038512652975
2024-05-27,Salem,51775,27.433425060346753,12.49116529573055,20.51805669800239
2024-05-27,Newport News,51700,28.749878112161756,19.151020589403856,24.116987941301083
2024-05-27,Portsmouth,51740,29.399195834404136,19.227521503193216,24.80983406548786
2024-05-27,Hampton,51650,29.88103727879317,18.92763009023868,24.54416830806348
2024-05-27,Virginia Beach,51810,27.643470979947793,18.19473112211348,23.40176233594155
2024-05-27,Norfolk,51710,30.026866124429255,20.03723146713879,25.57513719752396
2024-05-27,Falls Church,51610,30.038474403387266,17.427696304849924,24.356567551963085
2024-05-27,Winchester,51840,26.724356098181385,14.228549061078022,18.70640872730184
2024-05-27,Charlottesville,51540,28.726932110943515,16.24507523886893,22.11137112684232
2024-06-03,Danville,51590,29.63661018513397,19.53222850560271,24.180535134569094
2024-06-03,Salem,51775,31.167044107965793,20.00333685322071,25.46411826821544
2024-06-03,Newport News,51700,30.68640214239187,22.912243631739212,25.926568753333505
2024-06-03,Portsmouth,51740,32.309552333051904,22.44319211424799,26.31012784614254
2024-06-03,Hampton,51650,32.63763795367445,22.509380745041152,26.3641458750893
2024-06-03,Virginia Beach,51810,31.157047339852067,21.633251917778026,26.152987134978652
2024-06-03,Norfolk,51710,33.24698317636991,23.716046389496757,27.033888227210284
2024-06-03,Winchester,51840,30.928404764932832,16.610000000000042,22.590000000000032
2024-06-03,Charlottesville,51540,32.52167156171684,20.7392820272173,25.66114503816797
2024-06-10,Danville,51590,30.22790228325679,21.27104054332363,26.735368320216004
2024-06-10,Salem,51775,30.539703066710587,21.982675677160625,28.360963408603947
2024-06-10,Newport News,51700,30.652543283779007,22.932835044465577,27.02756044134859
2024-06-10,Portsmouth,51740,31.942058922867982,22.12281287859321,27.110719685739703
2024-06-10,Hampton,51650,31.69561692089234,22.561560424201943,27.367580900929983
2024-06-10,Virginia Beach,51810,30.42117221837989,20.283734351355108,25.783651396635396
2024-06-10,Norfolk,51710,32.74111413835394,22.389491443869908,27.541281109751154
2024-06-10,Falls Church,51610,32.796920323325665,22.83000000000004,27.220000000000027
2024-06-10,Winchester,51840,29.47809962270554,16.640500989959015,21.809869367301687
2024-06-10,Charlottesville,51540,33.12077451549266,15.913749258336331,26.05803683585134
2024-06-17,Danville,51590,30.859962880927377,23.019400695867297,28.4747770271518
2024-06-17,Salem,51775,35.232100641869664,23.105908218125975,30.74833689927588
2024-06-17,Newport News,51700,32.526103811772686,24.719982810438218,29.367238201094427
2024-06-17,Portsmouth,51740,32.9213190768139,24.204003487646418,29.259972221202485
2024-06-17,Hampton,51650,33.99079417234028,24.423401875009574,30.096542235891295
2024-06-17,Virginia Beach,51810,30.614226978030885,23.16759523386844,27.56406026274053
2024-06-17,Norfolk,51710,33.86681692649644,24.396055779109613,29.69222639595785
2024-06-17,Falls Church,51610,36.1424461123942,25.065230946882256,31.331841801385725
2024-06-17,Winchester,51840,37.543921743185415,24.475110220865684,31.140975030734687
2024-06-17,Charlottesville,51540,35.449039921086275,24.722138021740008,31.08588700630539
2024-06-24,Danville,51590,33.236764078852644,23.625857928641356,28.0063288849512
2024-06-24,Salem,51775,34.34417078121574,21.95836309523813,28.318227452271255
2024-06-24,Newport News,51700,31.338869604399175,24.30539396672682,27.204712975074177
2024-06-24,Portsmouth,51740,32.352071661955314,24.73783784279896,27.925751172813637
2024-06-24,Hampton,51650,33.255372635750014,24.06745885840229,27.906661220800903
2024-06-24,Virginia Beach,51810,30.65096863535663,23.553192951629732,26.670598701174672
2024-06-24,Norfolk,51710,33.21336435115058,24.93808244397993,27.957539167412765
2024-06-24,Falls Church,51610,34.206089299461155,24.392948421863014,28.406925519630516
2024-06-24,Winchester,51840,35.57102399423462,21.2592203993387,24.136809917355404
2024-06-24,Charlottesville,51540,38.00726316196668,23.606014854357692,21.980000000000047
2024-07-01,Danville,51590,31.628825359469943,19.349404772085883,25.131097686616112
2024-07-01,Salem,51775,32.20610963901694,22.379157340355523,26.40734584731547
2024-07-01,Newport News,51700,30.495621068774515,21.31625686508216,25.759080625729155
2024-07-01,Portsmouth,51740,29.843147704740215,21.55438048386507,24.357697441333816
2024-07-01,Hampton,51650,30.852487013879376,21.2383190115266,25.72979545226386
2024-07-01,Virginia Beach,51810,28.60297315893112,20.356133898095628,24.327276254933516
2024-07-01,Norfolk,51710,29.57578424430188,21.97263774074879,25.803211513507165
2024-07-01,Falls Church,51610,34.99694765204006,20.7353662182362,28.525535714285752
2024-07-01,Winchester,51840,33.427640637585355,16.956547356828207,23.87125439110073
2024-07-01,Charlottesville,51540,33.18728617848442,21.88054235090755,23.359539682539697
2024-07-08,Danville,51590,32.0833373940972,26.061315133728364,29.136462151394458
2024-07-08,Salem,51775,36.16467645929343,23.388758366249753,29.59831673798554
2024-07-08,Newport News,51700,31.77996922771494,24.62729954599096,29.00008814280026
2024-07-08,Portsmouth,51740,33.80802422115715,24.323298664372057,29.32411847055741
2024-07-08,Hampton,51650,32.975355470109825,22.924986841115896,28.550677627665912
2024-07-08,Virginia Beach,51810,29.36681592275478,23.233853359960637,28.01866089668962
2024-07-08,Norfolk,51710,34.207975674832824,24.157480194733385,29.636018894356862
2024-07-08,Falls Church,51610,36.37558314087764,26.139049268668245,31.25764434180143
2024-07-08,Winchester,51840,36.760234007376354,23.289409852049715,29.894131097561004
2024-07-08,Charlottesville,51540,37.64343739120347,24.637672043634705,31.247164906580053
2024-07-15,Danville,51590,31.2869583033391,25.808142673705277,30.003137416190704
2024-07-15,Salem,51775,32.61705727452273,24.442089368005306,28.9840729921001
2024-07-15,Newport News,51700,31.790858726442657,27.31239247217653,29.410482735501233
2024-07-15,Portsmouth,51740,32.24799668367661,26.66971584859946,29.686650941664524
2024-07-15,Hampton,51650,32.65881378579495,27.270403096514165,29.8334193793628
2024-07-15,Virginia Beach,51810,31.52649391912199,26.226980880721214,28.739990502458316
2024-07-15,Norfolk,51710,33.535056170992114,27.379317448228345,30.664573524594047
2024-07-15,Falls Church,51610,36.29181197074677,26.84280600461897,32.45196304849888
2024-07-15,Winchester,51840,37.270760100046665,25.357159269150905,31.432957098647687
2024-07-15,Charlottesville,51540,35.80459808131217,27.70572124869447,33.027687710340054
2024-07-22,Danville,51590,29.651892131347296,19.73632772780603,24.70332420805634
2024-07-22,Salem,51775,33.53655036208034,17.294763693270763,25.080308294209733
2024-07-22,Newport News,51700,30.74395378410789,24.20693982740281,27.741774159441764
2024-07-22,Portsmouth,51740,31.797170968097237,21.318644760503535,27.354602524735615
2024-07-22,Hampton,51650,31.834323210114093,23.501102831594647,28.0453193521595
2024-07-22,Virginia Beach,51810,29.010080830369844,20.138040607695583,24.380326816481944
2024-07-22,Norfolk,51710,32.73918957027756,23.206444444444475,27.456315789473717
2024-07-22,Falls Church,51610,35.51112586605085,23.630000000000052,30.383044982699005
2024-07-22,Winchester,51840,35.83673279918609,19.94517614142188,28.678486582729267
2024-07-22,Charlottesville,51540,32.376101891609636,19.46642114776325,26.805786262991447
2024-07-29,Danville,51590,30.335521669712293,23.20868283473718,27.05014304385713
2024-07-29,Salem,51775,30.898958470484995,23.12303982883479,27.428683344305497
2024-07-29,Newport News,51700,29.36348792749367,25.64104885755959,27.664280640898625
2024-07-29,Portsmouth,51740,30.83453100334084,25.361181317323883,27.195748706779224
2024-07-29,Hampton,51650,30.24174516438022,25.498970806040376,27.633632344142192
2024-07-29,Virginia Beach,51810,28.880899827613604,24.575521592912914,26.007238036669445
2024-07-29,Norfolk,51710,31.946535935100595,25.802753732958273,28.11953922129976
2024-07-29,Falls Church,51610,34.07578079291767,24.166801385681328,29.17335450346424
2024-07-29,Winchester,51840,34.133083472145145,24.59493704692869,27.404689922480657
2024-07-29,Charlottesville,51540,34.218750145062124,24.472119066960698,28.775491859665244
2024-08-05,Danville,51590,28.972481588127856,22.83123954814779,26.730601639071992
2024-08-05,Salem,51775,31.4040498134738,22.7395405420233,27.102849188062347
2024-08-05,Newport News,51700,28.648531130092767,23.06414154364632,25.594210960569768
2024-08-05,Hampton,51650,28.06670924085432,23.781439676968965,25.523468737554794
2024-08-05,Falls Church,51610,35.249387990762166,24.490169361047,30.010863163972328
2024-08-05,Winchester,51840,35.67554707702745,21.860754165076973,28.5853328025478
2024-08-05,Charlottesville,51540,34.57949402344206,23.557354841205385,26.27080170338829
2024-08-12,Danville,51590,28.447191704967096,22.2556404009082,23.785261613489855
2024-08-12,Salem,51775,29.243184386657926,21.294885799404216,23.316969837587045
2024-08-12,Newport News,51700,30.335401587684295,22.815247036252465,25.98152686946049
2024-08-12,Portsmouth,51740,31.541186258523588,22.349622967069312,26.47051064936386
2024-08-12,Hampton,51650,31.630453393143153,22.500428686092345,26.369140056992222
2024-08-12,Virginia Beach,51810,29.29423168544982,21.131549188519063,24.918199452333184
2024-08-12,Norfolk,51710,32.43919375315589,22.99020743211739,27.13629500121627
2024-08-12,Falls Church,51610,31.88152944572752,22.52501154734415,26.693418013856856
2024-08-12,Winchester,51840,30.45465577175805,20.746306541184484,24.40714243614933
2024-08-12,Charlottesville,51540,31.843262929867347,22.46469885110831,26.452772277227748
2024-08-19,Danville,51590,27.216549748311788,17.736148430145686,22.26894563191027
2024-08-19,Salem,51775,28.14272929010317,17.8576647465438,23.375813583497937
2024-08-19,Newport News,51700,27.957856358609657,18.009759265865252,22.955375763772494
2024-08-19,Portsmouth,51740,29.884006828444537,18.716850227002965,23.676515624197624
2024-08-19,Hampton,51650,29.518476121766575,17.9618281613565,23.4917270447931
2024-08-19,Virginia Beach,51810,27.323556050839542,17.841560836810377,21.895044646164344
2024-08-19,Norfolk,51710,30.503170226883626,19.426804160212463,24.2831041080473
2024-08-19,Falls Church,51610,29.734769630485015,19.260886850152925,24.671841269841288
2024-08-19,Winchester,51840,28.64111217092715,17.730642969180575,23.80911581920906
2024-08-19,Charlottesville,51540,29.23519515686051,19.455044292290467,24.26848516498398
2024-08-26,Danville,51590,31.73828432729758,22.480985796555785,26.93051936246013
2024-08-26,Salem,51775,33.416194371296925,22.919854619267092,28.212385958415663
2024-08-26,Newport News,51700,31.105960938987288,22.658576920142533,26.9322098826578
2024-08-26,Portsmouth,51740,32.47432602763197,23.441405032000713,28.471549849167644
2024-08-26,Hampton,51650,32.304621520899296,22.592081062098263,27.751049254728535
2024-08-26,Virginia Beach,51810,29.909756679062426,22.023496155692193,26.14217472395228
2024-08-26,Norfolk,51710,32.89492595445047,23.431021629183267,27.76788034865296
2024-08-26,Falls Church,51610,33.23666281755201,23.05937644341805,28.001414549653617
2024-08-26,Charlottesville,51540,33.48638892112496,21.51559088623268,30.62329674489028
2024-09-02,Danville,51590,23.719071238717586,16.497869949530198,20.525432897415207
2024-09-02,Salem,51775,26.237223639455813,15.660970210664932,21.29328752468733
2024-09-02,Newport News,51700,25.462020253977517,18.088603806399476,22.01162466714842
2024-09-02,Portsmouth,51740,24.587427906976792,20.048173612954635,22.419249734217612
2024-09-02,Hampton,51650,25.82905661673769,19.199197556461733,22.65967630608121
2024-09-02,Virginia Beach,51810,24.193606861929226,19.9285307650668,22.267628612639587
2024-09-02,Norfolk,51710,25.168263616608307,20.863506811528975,23.337811085403928
2024-09-02,Falls Church,51610,26.887840646651306,16.84727636643575,21.75603348729796
2024-09-02,Winchester,51840,26.024824367289867,15.177800290793144,20.37951010740587
2024-09-02,Charlottesville,51540,25.758065838845724,16.771941510966727,21.311419094038943
2024-09-09,Danville,51590,27.209180279454426,14.465507050962623,21.03247355889035
2024-09-09,Salem,51775,27.458239795918395,14.916509381171844,20.93385231511963
2024-09-09,Newport News,51700,27.371317160148855,18.940217248151523,22.92509526503748
2024-09-09,Portsmouth,51740,28.01876824895681,18.134562208597988,22.98798652667133
2024-09-09,Hampton,51650,28.155111187011883,19.139917950882467,23.423529250274555
2024-09-09,Virginia Beach,51810,26.47703201402776,17.22047948569058,21.573621526307356
2024-09-09,Norfolk,51710,28.31395572112829,19.11994367151829,23.658040470165425
2024-09-09,Falls Church,51610,28.97099884526563,17.530030215550454,23.126307255581253
2024-09-09,Winchester,51840,28.157037432701713,15.28509274904165,21.94993200220445
2024-09-09,Charlottesville,51540,28.38937708405868,16.265702796797058,22.629723318246917
2024-09-16,Danville,51590,27.228443896856632,18.823612839366557,21.452004261796063
2024-09-16,Salem,51775,28.396562431424226,14.936379054832893,22.813606848314045
2024-09-16,Newport News,51700,27.187680966168884,19.78270564453431,23.17790600446914
2024-09-16,Portsmouth,51740,25.198712781041152,18.066913066707382,21.080645161290352
2024-09-16,Virginia Beach,51810,24.429085448431568,17.583589064055065,22.3186615438813
2024-09-16,Norfolk,51710,25.982399750242855,19.71680699982177,23.039726708074564
2024-09-16,Winchester,51840,27.22605621264151,17.27707957098651,22.195240167633813
2024-09-16,Charlottesville,51540,27.87453638157134,19.539489978170312,18.630000000000052
2024-09-23,Newport News,51700,27.95052975063688,20.156246412091768,24.847292368405338
2024-09-23,Portsmouth,51740,28.20630603179267,19.609387642718183,23.883964352582712
2024-09-23,Hampton,51650,27.25501585765739,20.12911341670105,23.666610224157427
2024-09-23,Virginia Beach,51810,26.69710159048392,19.33273623267345,22.69463522565903
2024-09-23,Norfolk,51710,28.50224993722877,20.24017493673674,24.32557233416348
2024-09-30,Salem,51775,25.58094223173144,15.148159425060374,19.714400703331087
2024-09-30,Newport News,51700,24.78885718145704,17.666882149335535,21.808759472045463
2024-09-30,Portsmouth,51740,25.46013614058277,18.311354032887643,22.329250767028046
2024-09-30,Hampton,51650,25.35894622326052,17.796290882422994,21.758489387663392
2024-09-30,Virginia Beach,51810,23.974222015081924,17.866367514033257,20.75882514376597
2024-09-30,Norfolk,51710,24.96516822203199,18.139844786738575,21.83537619393518
2024-09-30,Falls Church,51610,25.1389030023095,17.687160315627438,21.49103926097001
2024-09-30,Winchester,51840,24.008548899911,15.484053160371388,19.520208965517277
2024-09-30,Charlottesville,51540,25.76421028200072,15.33430234807167,20.064663497623258
2024-10-07,Danville,51590,20.98824981080536,12.69126981929605,16.97089218672133
2024-10-07,Salem,51775,21.848960155490794,12.58873083795733,17.30412874423966
2024-10-07,Newport News,51700,22.09531313277283,15.044806235247409,18.871563177125047
2024-10-07,Portsmouth,51740,24.117461066852695,15.38997460748684,19.529472162516097
2024-10-07,Hampton,51650,22.850112318437557,15.265224901897945,19.42733327573897
2024-10-07,Virginia Beach,51810,23.148479576998756,14.490575973699674,18.807550575441365
2024-10-07,Norfolk,51710,24.763736532114777,16.175782471326585,20.40812196651181
2024-10-07,Falls Church,51610,22.68570273837021,13.352560623556618,18.018838722093957
2024-10-07,Winchester,51840,20.97078614124019,10.631299800754617,15.602378629869884
2024-10-07,Charlottesville,51540,22.350340191316207,13.214088485109752,17.810446465182366
2024-10-14,Danville,51590,17.957369843291467,8.788960684423312,13.759601957472768
2024-10-14,Salem,51775,17.751604015799906,7.0519811553654,12.121480963353116
2024-10-14,Newport News,51700,19.890988721564018,10.443767905633315,14.89244809417663
2024-10-14,Portsmouth,51740,20.43177794094255,11.85383322931583,16.12099634714934
2024-10-14,Hampton,51650,20.624234478309972,10.539537515459696,15.095622710622738
2024-10-14,Virginia Beach,51810,20.51049854125194,12.329445242690705,16.52193791180985
2024-10-14,Norfolk,51710,21.70874531486694,12.736015510844783,17.006143855572805
2024-10-14,Falls Church,51610,17.783904926866853,8.989639337952301,13.14492349884529
2024-10-14,Winchester,51840,17.69994319386158,7.841959472635578,12.780463033617398
2024-10-14,Charlottesville,51540,18.033540868825227,9.224664848555214,12.789186491818528
2024-10-21,Danville,51590,21.53589488159185,11.107236492027496,16.402051700906316
2024-10-21,Salem,51775,21.255895325872313,10.585652837863284,15.858500370309445
2024-10-21,Newport News,51700,21.45964527441221,13.619242541121148,17.471363534091765
2024-10-21,Portsmouth,51740,22.238641985668337,13.532216931605442,18.092333138173338
2024-10-21,Hampton,51650,22.31909460334912,13.62653685890098,17.943791966317043
2024-10-21,Virginia Beach,51810,22.242291286321297,12.812032843154274,17.492203821099455
2024-10-21,Norfolk,51710,22.847112846542775,14.204328312775049,18.61752614882463
2024-10-21,Falls Church,51610,20.985965357967707,12.159627405696725,16.343612297921517
2024-10-21,Winchester,51840,19.945088303870467,9.304616558565462,14.618487409385756
2024-10-21,Charlottesville,51540,22.35105632277285,11.562880275424575,16.879683184402957
2024-10-28,Danville,51590,18.30004297949318,11.383376691215869,13.486802494998711
2024-10-28,Salem,51775,21.084558536317783,9.59720539828838,15.899333443054672
2024-10-28,Newport News,51700,20.062558134729347,12.66221892336383,16.10854219031607
2024-10-28,Portsmouth,51740,20.191343784035176,12.69753688950894,16.26809731757164
2024-10-28,Hampton,51650,20.452104911975333,12.583145702594202,16.109917701128396
2024-10-28,Virginia Beach,51810,21.45643465141913,11.331319476480816,14.894552411810878
2024-10-28,Norfolk,51710,20.78676877299289,12.802176805079949,16.02999922250342
2024-10-28,Falls Church,51610,19.98626789838341,10.09135508083144,14.259941301000802
2024-10-28,Winchester,51840,19.693743082429492,7.486237841439068,12.93708860759497
2024-10-28,Charlottesville,51540,20.47208676646941,11.492257862365124,16.301870681985253
2024-11-04,Danville,51590,18.526504759512083,18.333039044289077,20.671507434123395
2024-11-04,Salem,51775,24.702730480811677,12.922207488299572,20.02000000000004
2024-11-04,Newport News,51700,19.37737119350426,9.356632572565788,14.575845513950435
2024-11-04,Portsmouth,51740,18.617670496959047,11.045681559528647,13.809749431756716
2024-11-04,Hampton,51650,19.134392916657095,10.787169659352934,15.010371138295705
2024-11-04,Virginia Beach,51810,19.515029692390637,10.27598055274027,14.524972864082796
2024-11-04,Norfolk,51710,19.18370764180869,11.52660422210399,14.332479021817344
2024-11-04,Falls Church,51610,21.32951501154737,10.83659930715939,16.133354297693945
2024-11-04,Winchester,51840,17.409285260078878,9.853555682733507,15.400923311713116
2024-11-04,Charlottesville,51540,20.29342617306877,10.105456655448563,14.84439073923642
2024-11-11,Danville,51590,14.824494739465123,9.197460684423309,11.991470181073185
2024-11-11,Salem,51775,17.280112327188967,8.946287442396338,13.621171322489412
2024-11-11,Newport News,51700,12.069875673733408,12.005984572011728,11.556201792146208
2024-11-11,Portsmouth,51740,16.78196129535899,12.213847424648508,16.374904702633348
2024-11-11,Hampton,51650,14.870245912570374,11.819911479089397,16.419873679850927
2024-11-11,Virginia Beach,51810,15.590167919728064,11.680380229650408,15.307679968268488
2024-11-11,Norfolk,51710,17.465183378096125,12.70235166254174,18.174038148064326
2024-11-11,Falls Church,51610,16.258722093918433,9.261218244803729,12.163994418783712
2024-11-11,Charlottesville,51540,16.81321999148973,9.49400777532787,12.102187342849437
2024-11-18,Danville,51590,13.2349888328996,4.938333794783794,8.535355583720632
2024-11-18,Newport News,51700,11.584079491416048,7.170408369000066,8.359706038915123
2024-11-18,Portsmouth,51740,11.745283221361555,8.663623628817108,10.128968489553628
2024-11-18,Hampton,51650,11.803502046020224,7.591763089185128,8.824543084448777
2024-11-18,Virginia Beach,51810,12.087004541921775,8.449683445253836,10.561660822323786
2024-11-18,Norfolk,51710,11.791699910326802,10.197889798628042,11.002916705314936
2024-11-18,Winchester,51840,17.476035864174005,-0.16350629530709965,11.430000000000035
2024-11-25,Danville,51590,10.09380438193332,3.9588134448197905,9.067365441054354
2024-11-25,Salem,51775,9.360122750713217,2.526133009655505,6.311894594136615
2024-11-25,Newport News,51700,10.847010643914889,7.436763597190595,8.786197972581133
2024-11-25,Portsmouth,51740,12.892624484501418,7.649025441462634,10.695217865738869
2024-11-25,Hampton,51650,10.984091200586356,6.930294321530574,8.815118490873237
2024-11-25,Virginia Beach,51810,10.6173302942616,7.72536221767957,9.258245096268723
2024-11-25,Norfolk,51710,12.260816508077037,8.428225266329532,10.233211067342
2024-11-25,Falls Church,51610,12.424786374133983,0.9453204387991028,7.16974018475754
2024-11-25,Winchester,51840,10.184070117427645,-4.590659536541864,-0.5482021196063317
2024-11-25,Charlottesville,51540,10.47720958570271,2.681205756063623,5.47244284553792
2024-12-02,Danville,51590,5.8716410759442255,-1.675827015417691,3.220705366536702
2024-12-02,Salem,51775,2.93601964011414,-2.6893715868835772,-0.22656857581739737
2024-12-02,Newport News,51700,5.120255614236276,0.09572093009610153,1.926805867889198
2024-12-02,Portsmouth,51740,6.400072403189432,-0.26446762278878483,2.812815804427342
2024-12-02,Hampton,51650,5.583806864855817,-0.08485715821561962,1.924527569291175
2024-12-02,Virginia Beach,51810,7.19856338508343,0.14501148417156343,4.026917096855224
2024-12-02,Norfolk,51710,7.230456594569416,1.010586655125182,3.757338451208625
2024-12-02,Falls Church,51610,5.039656274056999,-2.957572748267869,0.17940377213243977
2024-12-02,Winchester,51840,4.038378802468491,-5.422194836576345,-1.575132922124692
2024-12-02,Charlottesville,51540,5.282273142238242,-2.760123167382279,1.5634771382151869
2024-12-09,Danville,51590,5.017894493973489,-0.5082490724846055,2.256136552411571
2024-12-09,Newport News,51700,7.395464636282948,3.712463446266488,5.673596922961352
2024-12-09,Portsmouth,51740,7.756483473451086,3.233187105222646,5.302576805217287
2024-12-09,Hampton,51650,7.78607080145972,3.3368182551201735,5.570613841085567
2024-12-09,Virginia Beach,51810,8.43002452683168,1.4849884101696444,4.469439700961179
2024-12-09,Norfolk,51710,7.967042839657314,3.770854586129782,6.062630763975895
2024-12-09,Falls Church,51610,3.996749422632821,0.36371824480372866,3.6149769053118086
2024-12-09,Winchester,51840,3.3818542541015217,-3.30645644782835,1.1357933579336223
2024-12-09,Charlottesville,51540,5.058624811419316,0.1118393872577764,2.588240106765725
2024-12-16,Danville,51590,6.959698257563208,5.052362025915913,8.56266788990829
2024-12-16,Newport News,51700,8.588028851206978,1.7448002202995652,3.076370391028097
2024-12-16,Portsmouth,51740,9.675014537978662,5.380482737780493,5.3288237226877255
2024-12-16,Hampton,51650,9.16644385659538,2.2198912860916704,3.6811291006845295
2024-12-16,Virginia Beach,51810,12.313593023657312,5.031994616043928,7.292670582310537
2024-12-16,Norfolk,51710,11.493220875273552,4.604358832864488,6.052868345629242
2024-12-23,Danville,51590,2.3008724850995077,-1.879506665168848,-0.74994551002612575
2024-12-23,Salem,51775,1.8827756747860729,-2.768801020408137,-1.879829455314619
2024-12-23,Newport News,51700,6.964351747755883,-0.4315595840509181,1.085170846334634
2024-12-23,Portsmouth,51740,6.753783239717588,0.8481958374805694,1.7037953692115424
2024-12-23,Hampton,51650,8.320401035225164,-0.0706850808483061,1.318235892104226
2024-12-23,Virginia Beach,51810,5.79001029176468,1.056259254383215,2.988653017927679
2024-12-23,Norfolk,51710,7.384824133404325,1.298392663925587,2.0363109957272187
2024-12-23,Falls Church,51610,6.223643187067005,-4.738770207852174,-2.8999480369514745
2024-12-23,Charlottesville,51540,0.378877799698301,-2.251423542609544,-2.3703333333333036
