satellite,year,month,month_name,date,peak_NDVI,peak_GOSAVI,peak_GDVI,peak_EVI,peak_CVI,image_count,data_available,has_blue_band,total_corn_area_m2
Landsat4_TM,1987.0,6.0,Jun,1987-06,0.6492105248027067,0.4626739297260608,0.8932848713496335,0.4772755047735037,4.3517568521882,3,true,true,2.3231864894117637E9
Landsat4_TM,1987.0,7.0,Jul,1987-07,0.6811779107796716,0.4762615004254249,0.9181783049824838,0.5351206542610815,3.9203645855513134,6,true,true,2.3231864894117637E9
Landsat4_TM,1989.0,7.0,Jul,1989-07,0.7085663468063479,0.4977722854064508,0.9282354624291759,0.5667328040454247,4.421172312577843,2,true,true,2.3231864894117637E9
Landsat4_TM,1991.0,8.0,Aug,1991-08,,,,,,1,true,true,2.3231864894117637E9
Landsat5_TM,1984.0,5.0,May,1984-05,0.38399730756429323,0.2715979367708417,0.5973118142419443,0.5005963863246357,2.439094102868815,16,true,true,2.3231864894117637E9
Landsat5_TM,1984.0,6.0,Jun,1984-06,0.47112000140018917,0.3438765306569442,0.7111970913665584,0.5098675387308571,3.2776679402767472,21,true,true,2.3231864894117637E9
Landsat5_TM,1984.0,7.0,Jul,1984-07,0.6165401393747341,0.44047225188520156,0.8703405544900794,0.6194516165960964,3.965681759867049,11,true,true,2.3231864894117637E9
Landsat5_TM,1984.0,8.0,Aug,1984-08,0.6244522798184181,0.41835414440249274,0.8162605721518327,0.5179420816434734,3.8639755558620874,9,true,true,2.3231864894117637E9
Landsat5_TM,1984.0,9.0,Sep,1984-09,0.7019176714261042,0.4839718553311012,0.9231143220375553,0.5361729546923842,4.546422990840821,20,true,true,2.3231864894117637E9
Landsat5_TM,1985.0,5.0,May,1985-05,0.5439717678739638,0.40134044800392155,0.8258256648943758,0.39982470877641607,3.521992729498893,3,true,true,2.3231864894117637E9
Landsat5_TM,1985.0,6.0,Jun,1985-06,0.6056747054964255,0.4411036550849239,0.8576011963464246,0.45855825176162784,4.042849850440508,7,true,true,2.3231864894117637E9
Landsat5_TM,1985.0,7.0,Jul,1985-07,0.687172930514437,0.4769239108343088,0.9148512326098729,0.6401180317169235,3.552358438713174,5,true,true,2.3231864894117637E9
Landsat5_TM,1985.0,8.0,Aug,1985-08,0.7420135398615688,0.5069465304205262,0.9464865464834861,0.6342169425500747,4.227652995833536,21,true,true,2.3231864894117637E9
Landsat5_TM,1985.0,9.0,Sep,1985-09,0.6993722074896597,0.4762576935436072,0.9248272650281472,0.505804225291415,4.6678132748752486,21,true,true,2.3231864894117637E9
Landsat5_TM,1986.0,5.0,May,1986-05,0.5197803112841303,0.38029606510477054,0.7949669999480149,0.4129693015825818,3.169663556733053,17,true,true,2.3231864894117637E9
Landsat5_TM,1986.0,6.0,Jun,1986-06,0.5839052057966265,0.420853676345197,0.8312395111106153,0.5444664685041327,3.919899021910997,25,true,true,2.3231864894117637E9
Landsat5_TM,1986.0,7.0,Jul,1986-07,0.6039499477642781,0.4248808800601836,0.851369079660192,0.5090580759987738,3.4983024356747197,20,true,true,2.3231864894117637E9
Landsat5_TM,1986.0,8.0,Aug,1986-08,0.7187127796540477,0.48808713401355597,0.9354570252738915,0.5869435117205817,4.340476468479046,27,true,true,2.3231864894117637E9
Landsat5_TM,1986.0,9.0,Sep,1986-09,0.7031599018092372,0.473495668805915,0.9290643364515785,0.52345104745401,4.255072041763228,25,true,true,2.3231864894117637E9
Landsat5_TM,1987.0,5.0,May,1987-05,0.6180638324592334,0.432720967123046,0.8678484463907213,0.4591284907895332,3.699177046352589,24,true,true,2.3231864894117637E9
Landsat5_TM,1987.0,6.0,Jun,1987-06,0.626456256921701,0.4462659399160324,0.8796106635384153,0.49736291415128053,3.8862847214385186,22,true,true,2.3231864894117637E9
Landsat5_TM,1987.0,7.0,Jul,1987-07,0.6848329212289552,0.4774296860892319,0.9171828234536594,0.5822249761256761,4.0022282836792265,28,true,true,2.3231864894117637E9
Landsat5_TM,1987.0,8.0,Aug,1987-08,0.6520182421300895,0.4450012200970668,0.8993619055951868,0.5486592510378476,3.7799174548328005,26,true,true,2.3231864894117637E9
Landsat5_TM,1987.0,9.0,Sep,1987-09,0.6361695537041846,0.4222000896981004,0.8815106922793927,0.5041032306561969,3.366399639361894,17,true,true,2.3231864894117637E9
Landsat5_TM,1988.0,5.0,May,1988-05,0.5700217763879077,0.4028619736484738,0.8363530443424174,0.4562879058097135,3.245208547885105,19,true,true,2.3231864894117637E9
Landsat5_TM,1988.0,6.0,Jun,1988-06,0.6251265360930333,0.44256222376401977,0.8785501517385781,0.508425970473021,3.9074617481796117,22,true,true,2.3231864894117637E9
Landsat5_TM,1988.0,7.0,Jul,1988-07,0.6888773019313668,0.4796439165518718,0.9193005091114511,0.5582583981327299,4.213592717394735,27,true,true,2.3231864894117637E9
Landsat5_TM,1988.0,8.0,Aug,1988-08,0.7137633717167954,0.4769755506632907,0.9249811749958208,0.8543676649947243,4.16666611514944,23,true,true,2.3231864894117637E9
Landsat5_TM,1988.0,9.0,Sep,1988-09,0.7217592299800808,0.4854811729917226,0.935037306234645,0.5453058224377418,4.6449791767760615,26,true,true,2.3231864894117637E9
Landsat5_TM,1989.0,5.0,May,1989-05,0.6099550597592057,0.4324501080968238,0.8621630307821995,0.4565176833778979,3.783106598887671,21,true,true,2.3231864894117637E9
Landsat5_TM,1989.0,6.0,Jun,1989-06,0.6373119196890265,0.44633803082558055,0.8856185604607485,0.4721053611708421,3.9967534202964785,22,true,true,2.3231864894117637E9
Landsat5_TM,1989.0,7.0,Jul,1989-07,0.7064237245335885,0.48503639757512745,0.9280444462694998,0.6396049761795765,3.9124056554125093,16,true,true,2.3231864894117637E9
Landsat5_TM,1989.0,8.0,Aug,1989-08,0.7564742062595932,0.5142229992275416,0.9558577048607851,0.5993040255894999,4.462105018577891,17,true,true,2.3231864894117637E9
Landsat5_TM,1989.0,9.0,Sep,1989-09,0.7412117383909712,0.4992596260258413,0.9470028449108708,0.5836188780791142,4.517027658539177,19,true,true,2.3231864894117637E9
Landsat5_TM,1990.0,5.0,May,1990-05,0.6154766096673908,0.43303772569769217,0.8660382002436433,0.5020445044403586,3.73013622713667,20,true,true,2.3231864894117637E9
Landsat5_TM,1990.0,6.0,Jun,1990-06,0.6094579882150571,0.4388420255901444,0.8656579821136802,0.5345710263135378,3.9384413360406514,22,true,true,2.3231864894117637E9
Landsat5_TM,1990.0,7.0,Jul,1990-07,0.6706858669713401,0.47552385534310565,0.9105531441167957,0.5503490792923654,4.309787723192771,23,true,true,2.3231864894117637E9
Landsat5_TM,1990.0,8.0,Aug,1990-08,0.7597481563869155,0.5164212066841829,0.956538548562934,0.632966170850582,4.3926684775993685,28,true,true,2.3231864894117637E9
Landsat5_TM,1990.0,9.0,Sep,1990-09,0.6981276266040585,0.4755055839709976,0.9234596080231116,0.5931972851726849,3.8168746437637635,24,true,true,2.3231864894117637E9
Landsat5_TM,1991.0,5.0,May,1991-05,0.5928684473194953,0.42030283223420184,0.8513477326487388,0.4781119601497297,3.5801589293674514,20,true,true,2.3231864894117637E9
Landsat5_TM,1991.0,6.0,Jun,1991-06,0.4992556842204003,0.35876252405094705,0.7023470619022145,0.573209179028595,3.422467764652129,26,true,true,2.3231864894117637E9
Landsat5_TM,1991.0,7.0,Jul,1991-07,0.6934787634518355,0.47536247869309384,0.9225399145803865,0.6642726718236721,3.6290673765608044,23,true,true,2.3231864894117637E9
Landsat5_TM,1991.0,8.0,Aug,1991-08,0.7093724316185128,0.4773979897749767,0.9332892354063665,0.6446216070957421,3.86755558173156,23,true,true,2.3231864894117637E9
Landsat5_TM,1991.0,9.0,Sep,1991-09,0.6664303751408266,0.45429869023109004,0.90740263851995,0.4987446803789949,4.082153463472885,25,true,true,2.3231864894117637E9
Landsat5_TM,1992.0,5.0,May,1992-05,0.555704203094256,0.39098720594657704,0.8002949375891631,0.45230668579742067,3.3291149280245276,22,true,true,2.3231864894117637E9
Landsat5_TM,1992.0,6.0,Jun,1992-06,0.5524148992616037,0.39621655560803304,0.8071321862341337,0.4484688325276554,3.2732249755499616,22,true,true,2.3231864894117637E9
Landsat5_TM,1992.0,7.0,Jul,1992-07,0.24986721168787002,0.20793512710539772,0.37696172083972695,0.24346918626186856,2.1331901312767823,15,true,true,2.3231864894117637E9
Landsat5_TM,1992.0,8.0,Aug,1992-08,0.6740832748040247,0.4628959069119571,0.8641802560356893,0.7621638717825808,3.9750004173248508,17,true,true,2.3231864894117637E9
Landsat5_TM,1992.0,9.0,Sep,1992-09,0.7129111152220047,0.47737195668384136,0.9337290494590633,0.5384821830733887,4.296179924764601,18,true,true,2.3231864894117637E9
Landsat5_TM,1993.0,5.0,May,1993-05,0.6369503326529075,0.45229493045805935,0.8826622211417859,0.48871855416693244,3.9363172872718644,25,true,true,2.3231864894117637E9
Landsat5_TM,1993.0,6.0,Jun,1993-06,0.6507558637961366,0.47363536372946924,0.8960020996094894,0.5177440633428774,4.711907449070171,24,true,true,2.3231864894117637E9
Landsat5_TM,1993.0,7.0,Jul,1993-07,0.6585633642395341,0.46563426982107453,0.9051080798602865,0.516918899509554,4.204151901358933,24,true,true,2.3231864894117637E9
Landsat5_TM,1993.0,8.0,Aug,1993-08,0.6754481661148689,0.4617737512937078,0.9134111092672934,0.6315009000602229,3.673876224523493,24,true,true,2.3231864894117637E9
Landsat5_TM,1993.0,9.0,Sep,1993-09,0.6585304531157619,0.44196177225583094,0.9057682411293946,0.45476578577486837,4.2193179790871485,22,true,true,2.3231864894117637E9
Landsat5_TM,1994.0,5.0,May,1994-05,0.6034420396642106,0.4263726623315301,0.8579364555888127,0.4413785945247552,3.7879504205118,17,true,true,2.3231864894117637E9
Landsat5_TM,1994.0,6.0,Jun,1994-06,0.5890483740880375,0.423679762944234,0.8510852948325734,0.46747458896408445,3.7612563858087693,21,true,true,2.3231864894117637E9
Landsat5_TM,1994.0,7.0,Jul,1994-07,0.6630769176806903,0.4651315638425013,0.9044565735174062,0.5310258876555289,4.152445986167816,24,true,true,2.3231864894117637E9
Landsat5_TM,1994.0,8.0,Aug,1994-08,0.7848665066737645,0.5342446910651535,0.9661543297623967,0.631133520033062,5.128737986446805,21,true,true,2.3231864894117637E9
Landsat5_TM,1994.0,9.0,Sep,1994-09,0.7059170439896623,0.4837079759142712,0.9321041043358551,0.5529675707624754,4.364101994779518,24,true,true,2.3231864894117637E9
Landsat5_TM,1995.0,5.0,May,1995-05,0.6398696547423316,0.44853912405260654,0.8873147381462022,0.47803626046433817,4.016860666571875,28,true,true,2.3231864894117637E9
Landsat5_TM,1995.0,6.0,Jun,1995-06,0.671468976287475,0.46404635441368214,0.9093487179883106,0.5157160063845361,4.109581582399975,23,true,true,2.3231864894117637E9
Landsat5_TM,1995.0,7.0,Jul,1995-07,0.7274029835438193,0.49957298064504574,0.935804538352788,0.6033088968644932,4.543770615909584,21,true,true,2.3231864894117637E9
Landsat5_TM,1995.0,8.0,Aug,1995-08,0.7323583815535254,0.5007686326874007,0.9413569799213246,0.6212653023148388,4.215475932504788,23,true,true,2.3231864894117637E9
Landsat5_TM,1995.0,9.0,Sep,1995-09,0.7094297215814367,0.4775783216146797,0.9310719310933594,0.4857811576149492,4.8605814928048945,22,true,true,2.3231864894117637E9
Landsat5_TM,1996.0,5.0,May,1996-05,0.6398540857177539,0.4473138422008547,0.8859944800081873,0.4764889179486328,4.0008030254997085,25,true,true,2.3231864894117637E9
Landsat5_TM,1996.0,6.0,Jun,1996-06,0.6682851318388173,0.46712941073216135,0.9062069800547206,0.538276501354094,4.087873070782778,29,true,true,2.3231864894117637E9
Landsat5_TM,1996.0,7.0,Jul,1996-07,0.7292816302981635,0.5103098099404682,0.9382390628171926,0.5638477986646943,4.980026725566924,25,true,true,2.3231864894117637E9
Landsat5_TM,1996.0,8.0,Aug,1996-08,0.7421274443031367,0.5059382550321689,0.9414060434121825,0.6585691416836795,4.43895635953259,26,true,true,2.3231864894117637E9
Landsat5_TM,1996.0,9.0,Sep,1996-09,0.7185988989928633,0.4798591279810162,0.9339105989987072,0.5315639472127722,4.638929431103894,26,true,true,2.3231864894117637E9
Landsat5_TM,1997.0,5.0,May,1997-05,0.5890866357071035,0.4209225242591459,0.845613937389004,0.42408536713080536,3.7912913675444533,19,true,true,2.3231864894117637E9
Landsat5_TM,1997.0,6.0,Jun,1997-06,0.6212159022655346,0.4467803774956509,0.8741830911910287,0.47176993854643,4.174885922325013,25,true,true,2.3231864894117637E9
Landsat5_TM,1997.0,7.0,Jul,1997-07,0.6681503220034122,0.47438685190671254,0.9068549630584558,0.5217081897861546,4.405843916804834,25,true,true,2.3231864894117637E9
Landsat5_TM,1997.0,8.0,Aug,1997-08,0.7106372328309931,0.4864289160096327,0.9312479440516986,0.5407196597279159,4.471569788212638,17,true,true,2.3231864894117637E9
Landsat5_TM,1997.0,9.0,Sep,1997-09,0.6858387566559575,0.4574988243890555,0.9139930160795556,0.4370112267471902,4.281192848006168,19,true,true,2.3231864894117637E9
Landsat5_TM,1998.0,5.0,May,1998-05,0.6503841788446737,0.44734172985221965,0.8923278917859636,0.47820448264259974,3.9504712742116586,23,true,true,2.3231864894117637E9
Landsat5_TM,1998.0,6.0,Jun,1998-06,0.6084089487015788,0.43292917365388633,0.8597560732294772,0.5604070138666031,4.01968983341189,23,true,true,2.3231864894117637E9
Landsat5_TM,1998.0,7.0,Jul,1998-07,0.6735164338413502,0.4738279200464635,0.9088512768115273,0.5497025263894746,4.323437230592142,30,true,true,2.3231864894117637E9
Landsat5_TM,1998.0,8.0,Aug,1998-08,0.6807356833303407,0.47143144041625623,0.9148715812412969,0.5194266432580472,4.436633168169438,16,true,true,2.3231864894117637E9
Landsat5_TM,1998.0,9.0,Sep,1998-09,0.5943283445365098,0.41033008756611034,0.8495461330929608,0.41717952115541773,3.8391229569604466,23,true,true,2.3231864894117637E9
Landsat5_TM,1999.0,5.0,May,1999-05,0.5716569196477082,0.40945488663296725,0.83255766273308,0.4372704496693844,3.5908234359864237,31,true,true,2.3231864894117637E9
Landsat5_TM,1999.0,6.0,Jun,1999-06,0.5495086061692872,0.41486033296163877,0.8177242419417016,0.4086717021803507,3.9794613425332868,21,true,true,2.3231864894117637E9
Landsat5_TM,1999.0,7.0,Jul,1999-07,0.6553002301872028,0.46277063776741695,0.8967246769380192,0.5053788022605106,4.279993259740722,23,true,true,2.3231864894117637E9
Landsat5_TM,1999.0,8.0,Aug,1999-08,0.7228262443830827,0.49471658352453574,0.9381978913082568,0.5646277319836637,4.577212479626283,28,true,true,2.3231864894117637E9
Landsat5_TM,1999.0,9.0,Sep,1999-09,0.7083631213898945,0.4793705361493876,0.9346456388266553,0.49990408255421726,4.542825539401902,18,true,true,2.3231864894117637E9
Landsat5_TM,2000.0,5.0,May,2000-05,0.6208791062664744,0.4362181784341226,0.869418286322241,0.4511684896734622,3.956142172386465,24,true,true,2.3231864894117637E9
Landsat5_TM,2000.0,6.0,Jun,2000-06,0.6420417183068763,0.4514227106967424,0.8840560334195994,0.48560917832102185,4.2247063139206,23,true,true,2.3231864894117637E9
Landsat5_TM,2000.0,7.0,Jul,2000-07,0.7027463422821499,0.4850678745302011,0.9182306879446456,0.5448539179407815,4.524656128319317,21,true,true,2.3231864894117637E9
Landsat5_TM,2000.0,8.0,Aug,2000-08,0.7752841842675853,0.5277261661523115,0.9611884510539899,0.6863919933634882,4.28516099468381,25,true,true,2.3231864894117637E9
Landsat5_TM,2000.0,9.0,Sep,2000-09,0.7137766781411139,0.482741391961407,0.9315349609648211,0.5591891340669449,4.642511031180302,26,true,true,2.3231864894117637E9
Landsat5_TM,2001.0,5.0,May,2001-05,0.5840950570165749,0.42434433716051156,0.845892427944835,0.4544964026187747,3.7460908282671492,29,true,true,2.3231864894117637E9
Landsat5_TM,2001.0,6.0,Jun,2001-06,0.7117129018475871,0.4984152734663305,0.9362102184692016,0.5865648626123066,4.593606552955969,25,true,true,2.3231864894117637E9
Landsat5_TM,2001.0,7.0,Jul,2001-07,0.7028283771110334,0.4956283673240458,0.9287020797391692,0.5592200082417039,4.6167147685360455,27,true,true,2.3231864894117637E9
Landsat5_TM,2001.0,8.0,Aug,2001-08,0.7708704658685555,0.5242050531302075,0.958621671431069,0.6298355683475603,4.830438948925652,30,true,true,2.3231864894117637E9
Landsat5_TM,2001.0,9.0,Sep,2001-09,0.7005245199923776,0.4816225946809595,0.9271630661463243,0.5218331221283514,4.7182119086490735,19,true,true,2.3231864894117637E9
Landsat5_TM,2002.0,5.0,May,2002-05,0.5835783125699312,0.42305768732995636,0.8502376334889079,0.46490163456105144,6.414562618138091,18,true,true,2.3231864894117637E9
Landsat5_TM,2002.0,6.0,Jun,2002-06,0.6211665164487263,0.4511952103984603,0.8755572454296336,-0.007739561262435624,9.277423949037058,18,true,true,2.3231864894117637E9
Landsat5_TM,2002.0,7.0,Jul,2002-07,0.6849380343195808,0.47330574125044667,0.916785314830896,0.5646225279199641,4.425129514667455,25,true,true,2.3231864894117637E9
Landsat5_TM,2002.0,8.0,Aug,2002-08,0.7296276973460055,0.5117185350232653,0.9407490645262918,0.5738938157308908,310.09125890579924,22,true,true,2.3231864894117637E9
Landsat5_TM,2002.0,9.0,Sep,2002-09,0.6613683790331101,0.4434930745796494,0.8908403370448349,0.6299419615521649,536.7540508742451,25,true,true,2.3231864894117637E9
Landsat5_TM,2003.0,5.0,May,2003-05,0.6403746663584187,0.44689409465652463,0.8858949001927511,0.5009057417287313,5.04005555070104,20,true,true,2.3231864894117637E9
Landsat5_TM,2003.0,6.0,Jun,2003-06,0.6505150762775403,0.4474322055051276,0.8945455162847562,0.505363784786499,4.422410553799085,24,true,true,2.3231864894117637E9
Landsat5_TM,2003.0,7.0,Jul,2003-07,0.6963991766007845,0.48019321727698355,0.9235755934796293,0.7556823078036035,5.0739817066754265,27,true,true,2.3231864894117637E9
Landsat5_TM,2003.0,8.0,Aug,2003-08,0.7608527062793227,0.5152177212058852,0.9554479067769361,0.6196106569974321,4.819892318239792,20,true,true,2.3231864894117637E9
Landsat5_TM,2003.0,9.0,Sep,2003-09,0.7178053915865695,0.48286449493797806,0.9331632407721077,0.5222785560293285,4.847827059904068,20,true,true,2.3231864894117637E9
Landsat5_TM,2004.0,5.0,May,2004-05,0.6366287395392506,0.4525751624980201,0.8825262018114712,0.5100810298286916,7.551034255292064,23,true,true,2.3231864894117637E9
Landsat5_TM,2004.0,6.0,Jun,2004-06,0.6643475987606576,0.4702491249765291,0.9035487377072302,0.5753813613952414,4.975639856350257,25,true,true,2.3231864894117637E9
Landsat5_TM,2004.0,7.0,Jul,2004-07,0.7484981877943692,0.5190449234220449,0.9503269239780159,0.6845705581660951,4.615556159850451,29,true,true,2.3231864894117637E9
Landsat5_TM,2004.0,8.0,Aug,2004-08,0.757843871710516,0.5219151310851923,0.9509021219500274,0.6491842683187908,14.467934732358994,27,true,true,2.3231864894117637E9
Landsat5_TM,2004.0,9.0,Sep,2004-09,0.7176537715998972,0.48304306279521214,0.9299240317344815,0.5412150639638869,4.989082485477894,23,true,true,2.3231864894117637E9
Landsat5_TM,2005.0,5.0,May,2005-05,0.6148805950514259,0.43315576585831994,0.870332414555285,0.45452318917018536,3.88400217358566,26,true,true,2.3231864894117637E9
Landsat5_TM,2005.0,6.0,Jun,2005-06,0.6214487740696483,0.44796097990379063,0.8772460289143428,0.5215107749871303,7.911538447727443,24,true,true,2.3231864894117637E9
Landsat5_TM,2005.0,7.0,Jul,2005-07,0.7366646873661093,0.5074872518955965,0.9451628220016011,0.5983308334701656,4.852299851858117,25,true,true,2.3231864894117637E9
Landsat5_TM,2005.0,8.0,Aug,2005-08,0.7928572115055189,0.538486603588434,0.9682399355047687,0.6556835877731795,5.442027037531139,28,true,true,2.3231864894117637E9
Landsat5_TM,2005.0,9.0,Sep,2005-09,0.6465211285905387,0.44352284368850886,0.8922492484029578,0.4720452173353006,21.375200466091457,29,true,true,2.3231864894117637E9
Landsat5_TM,2006.0,5.0,May,2006-05,0.6210357838780263,0.43815885491672596,0.8731322542471407,0.4594964976272943,4.065113240598274,24,true,true,2.3231864894117637E9
Landsat5_TM,2006.0,6.0,Jun,2006-06,0.6692573925013828,0.4630288690238816,0.9087356978322823,0.49696401478880126,4.250143324689941,26,true,true,2.3231864894117637E9
Landsat5_TM,2006.0,7.0,Jul,2006-07,0.7518177552799578,0.5164110320492658,0.9505794632885108,0.5892240046696671,5.097476590734355,24,true,true,2.3231864894117637E9
Landsat5_TM,2006.0,8.0,Aug,2006-08,0.7488950706993458,0.5120844989419366,0.948475431997422,0.6040286833277401,7.669940105172262,25,true,true,2.3231864894117637E9
Landsat5_TM,2006.0,9.0,Sep,2006-09,0.7182548341229342,0.47655195692766705,0.9320740216216019,0.5154246914775744,23.307629444130043,22,true,true,2.3231864894117637E9
Landsat5_TM,2007.0,5.0,May,2007-05,0.6172036454445861,0.43336048304754665,0.8714573331318618,0.4641859470281536,4.676278533688569,24,true,true,2.3231864894117637E9
Landsat5_TM,2007.0,6.0,Jun,2007-06,0.6325322147697875,0.4510317276241822,0.8841875395646644,0.47919855986448073,4.35455412947172,17,true,true,2.3231864894117637E9
Landsat5_TM,2007.0,7.0,Jul,2007-07,0.6820398291127688,0.4786186717008614,0.9163285088288359,0.5356669835463782,4.722026005908672,29,true,true,2.3231864894117637E9
Landsat5_TM,2007.0,8.0,Aug,2007-08,0.7057089181768894,0.477317354238691,0.9305928715483707,0.5446613245886245,4.6575711250479435,28,true,true,2.3231864894117637E9
Landsat5_TM,2007.0,9.0,Sep,2007-09,0.6935464964713476,0.46669484291383767,0.9223445437387497,0.49129134746165154,101.25291944674288,29,true,true,2.3231864894117637E9
Landsat5_TM,2008.0,5.0,May,2008-05,0.6306063118251833,0.4382002624944755,0.8797573470891822,0.4813382220256866,4.035854528879274,26,true,true,2.3231864894117637E9
Landsat5_TM,2008.0,6.0,Jun,2008-06,0.6420611211856022,0.4524933025723614,0.8919433904173647,0.4760958987889699,4.528016638063812,28,true,true,2.3231864894117637E9
Landsat5_TM,2008.0,7.0,Jul,2008-07,0.6995650094189753,0.4819091968936077,0.9264221255411653,0.5355307956489374,4.380184204049619,30,true,true,2.3231864894117637E9
Landsat5_TM,2008.0,8.0,Aug,2008-08,0.707754645904294,0.4854854264903723,0.9279072292672962,0.5540082582907344,13.962581409455087,24,true,true,2.3231864894117637E9
Landsat5_TM,2008.0,9.0,Sep,2008-09,0.7161911125169355,0.4796221273221808,0.9334756520427355,0.5430821719279283,4.7451174915662975,28,true,true,2.3231864894117637E9
Landsat5_TM,2009.0,5.0,May,2009-05,0.6560980811712218,0.4637554955857153,0.8948537621369572,0.47493294768016187,5.367951065455528,21,true,true,2.3231864894117637E9
Landsat5_TM,2009.0,6.0,Jun,2009-06,0.6950443338424821,0.4852917067374525,0.9200969407440864,0.5384872760951807,5.129730581553719,26,true,true,2.3231864894117637E9
Landsat5_TM,2009.0,7.0,Jul,2009-07,0.7369876666694315,0.5096316682780956,0.9445827030885013,0.5571774842628837,5.639407481516486,27,true,true,2.3231864894117637E9
Landsat5_TM,2009.0,8.0,Aug,2009-08,0.7629248304169115,0.5225183400286281,0.9559063618056732,0.5998674622875096,5.907153467665674,22,true,true,2.3231864894117637E9
Landsat5_TM,2009.0,9.0,Sep,2009-09,0.6891930229118206,0.47373113788817905,0.9175471951322167,0.5051346034793099,5.281587072231875,18,true,true,2.3231864894117637E9
Landsat5_TM,2010.0,5.0,May,2010-05,0.6349007932914352,0.4579672042831733,0.8793276170318671,0.46847570704884506,4.697329015888599,28,true,true,2.3231864894117637E9
Landsat5_TM,2010.0,6.0,Jun,2010-06,0.5012938119187064,0.3643645628796396,0.6969441416925994,0.6309115176086273,3.8671244589718983,25,true,true,2.3231864894117637E9
Landsat5_TM,2010.0,7.0,Jul,2010-07,0.654375467806293,0.464036988068585,0.8984612189746338,0.501302632094164,4.857549438173789,27,true,true,2.3231864894117637E9
Landsat5_TM,2010.0,8.0,Aug,2010-08,0.7010605002633924,0.48105480006764684,0.9222574228339192,0.5546420245340419,4.855784514752757,26,true,true,2.3231864894117637E9
Landsat5_TM,2010.0,9.0,Sep,2010-09,0.6724111825001354,0.46947840577144273,0.9042790417863096,0.4502853304147758,101.20917650582315,23,true,true,2.3231864894117637E9
Landsat5_TM,2011.0,5.0,May,2011-05,0.6385697737798866,0.4511541375875903,0.882598101655759,0.486693570516195,4.143685956947041,24,true,true,2.3231864894117637E9
Landsat5_TM,2011.0,6.0,Jun,2011-06,0.642067970145748,0.45845523284844036,0.8907109034760756,0.48302985521235553,8.470288356494478,26,true,true,2.3231864894117637E9
Landsat5_TM,2011.0,7.0,Jul,2011-07,0.7665828092576217,0.5352033082618121,0.9582668481577197,0.5907051908014511,36.91933227057663,28,true,true,2.3231864894117637E9
Landsat5_TM,2011.0,8.0,Aug,2011-08,0.7422813033625559,0.5126461894327149,0.9439764210994145,0.5668383370482436,15.051776996881962,30,true,true,2.3231864894117637E9
Landsat5_TM,2011.0,9.0,Sep,2011-09,0.7041840771816706,0.48241258231543294,0.9277847385577653,0.4955843803270097,5.789671200541402,18,true,true,2.3231864894117637E9
Landsat7_ETM,1999.0,7.0,Jul,1999-07,0.6988832322312821,0.4869729693333444,0.9145343202179428,0.5096922108845228,4.834767760680649,27,true,true,2.3231864894117637E9
Landsat7_ETM,1999.0,8.0,Aug,1999-08,0.7031552530954559,0.4887479168263982,0.9173597992321704,0.5737717279926046,4.182430121021114,30,true,true,2.3231864894117637E9
Landsat7_ETM,1999.0,9.0,Sep,1999-09,0.7299723153010881,0.4842950265837198,0.9326841065295098,0.6638412496731076,5.811934193674657,22,true,true,2.3231864894117637E9
Landsat7_ETM,2000.0,5.0,May,2000-05,0.6098548586708662,0.43996929539234536,0.8589106824094742,0.45506916931239494,4.0506735217673215,28,true,true,2.3231864894117637E9
Landsat7_ETM,2000.0,6.0,Jun,2000-06,0.6529092494384865,0.46464487988497155,0.8932967796454229,0.4991608123162506,4.342214954248807,26,true,true,2.3231864894117637E9
Landsat7_ETM,2000.0,7.0,Jul,2000-07,0.7400099596544079,0.5113722288699228,0.9401392363953104,0.6325241270186963,4.513214502894324,28,true,true,2.3231864894117637E9
Landsat7_ETM,2000.0,8.0,Aug,2000-08,0.8069366365221609,0.5464744531262161,0.9701002683344772,0.6488907076468665,4.920464094347525,26,true,true,2.3231864894117637E9
Landsat7_ETM,2000.0,9.0,Sep,2000-09,0.751969033245388,0.5053731817636506,0.9406530486668016,0.551518577941858,5.114400245866734,23,true,true,2.3231864894117637E9
Landsat7_ETM,2001.0,5.0,May,2001-05,0.6417942110692967,0.45760858630820733,0.8813394711113635,0.4616727995303243,4.461182693394416,27,true,true,2.3231864894117637E9
Landsat7_ETM,2001.0,6.0,Jun,2001-06,0.6845162164096806,0.47731536748352316,0.9101618405869758,0.5794991877277385,4.194031144129958,25,true,true,2.3231864894117637E9
Landsat7_ETM,2001.0,7.0,Jul,2001-07,0.7176013613347827,0.5071701031361329,0.931803207703338,0.5438252943035647,5.0857137429473855,27,true,true,2.3231864894117637E9
Landsat7_ETM,2001.0,8.0,Aug,2001-08,0.7833680629884205,0.5304054911869878,0.9564507271779642,0.7475692085060146,4.863970206914405,24,true,true,2.3231864894117637E9
Landsat7_ETM,2001.0,9.0,Sep,2001-09,0.707817261393754,0.4834285110894367,0.9220750280661103,0.4963564166623069,5.027855542125157,25,true,true,2.3231864894117637E9
Landsat7_ETM,2002.0,5.0,May,2002-05,0.6545162370084371,0.4604466909874413,0.891504717559458,0.48017304782148756,4.306307466602394,30,true,true,2.3231864894117637E9
Landsat7_ETM,2002.0,6.0,Jun,2002-06,0.6361343847986145,0.4654884250830007,0.8792724743120087,0.47371026867959637,4.619046795940367,26,true,true,2.3231864894117637E9
Landsat7_ETM,2002.0,7.0,Jul,2002-07,0.7134903204026297,0.49664100523353477,0.9300034189580201,0.5423150154677485,4.738895614741668,25,true,true,2.3231864894117637E9
Landsat7_ETM,2002.0,8.0,Aug,2002-08,0.7443486759706809,0.5249130155479454,0.9463845113667717,0.5605548379932701,6.21284544506278,24,true,true,2.3231864894117637E9
Landsat7_ETM,2002.0,9.0,Sep,2002-09,0.7071222273812099,0.4720647839397043,0.9231606463692812,0.46746547903739954,4.89954352839215,28,true,true,2.3231864894117637E9
Landsat7_ETM,2003.0,5.0,May,2003-05,0.6246756730277532,0.4366775652838553,0.8750132560267567,0.46004225445818764,3.831619669482214,21,true,true,2.3231864894117637E9
Landsat7_ETM,2003.0,7.0,Jul,2003-07,0.6931670207132022,0.47920160357877617,0.9153680482449514,0.5403520480446229,4.229842816878114,11,true,true,2.3231864894117637E9
Landsat7_ETM,2003.0,8.0,Aug,2003-08,0.7954300113183116,0.531466066266122,0.962840230510144,0.6150989293244008,4.8995256087294665,27,true,true,2.3231864894117637E9
Landsat7_ETM,2003.0,9.0,Sep,2003-09,0.7132614266739026,0.47708086195068933,0.9241540046179646,0.4775346020333941,4.934836519829753,12,true,true,2.3231864894117637E9
Landsat7_ETM,2004.0,5.0,May,2004-05,0.6716919849523192,0.47332063075442293,0.8983196549059427,0.49108568580929884,4.529922326275038,25,true,true,2.3231864894117637E9
Landsat7_ETM,2004.0,6.0,Jun,2004-06,0.6914135553978462,0.4877523165744744,0.8971177244111432,0.6191123765292478,4.325957170345698,22,true,true,2.3231864894117637E9
Landsat7_ETM,2004.0,7.0,Jul,2004-07,0.7637674970534056,0.5253761399337722,0.9494477852529286,0.8510889145867142,4.972705657512881,22,true,true,2.3231864894117637E9
Landsat7_ETM,2004.0,8.0,Aug,2004-08,0.7832309446214704,0.5315616151072418,0.9559129397461946,0.6367405214213077,4.934078522567173,29,true,true,2.3231864894117637E9
Landsat7_ETM,2004.0,9.0,Sep,2004-09,0.6565212866795657,0.4499472891790943,0.8873752344086429,0.6321390446071942,4.294071786605576,19,true,true,2.3231864894117637E9
Landsat7_ETM,2005.0,5.0,May,2005-05,0.5983821378064914,0.431322722919699,0.8454050744690322,0.43870720687328946,4.0016889139466665,24,true,true,2.3231864894117637E9
Landsat7_ETM,2005.0,6.0,Jun,2005-06,0.63279737900575,0.4535593916858555,0.8683884400509607,0.5017811145566958,4.325873287787224,24,true,true,2.3231864894117637E9
Landsat7_ETM,2005.0,7.0,Jul,2005-07,0.6731915606067838,0.4658764308725993,0.8637336928204885,0.698025151657077,4.317371179187609,30,true,true,2.3231864894117637E9
Landsat7_ETM,2005.0,8.0,Aug,2005-08,0.8083773483026784,0.5455694537102643,0.9691139318802457,0.6668980580452126,5.181884681726636,27,true,true,2.3231864894117637E9
Landsat7_ETM,2005.0,9.0,Sep,2005-09,0.6473410228513385,0.44292006960008745,0.88440914492289,0.41870280434111234,4.804884440906781,28,true,true,2.3231864894117637E9
Landsat7_ETM,2006.0,5.0,May,2006-05,0.6441646641131411,0.4535175537409087,0.8805733816548481,0.45210882459455354,4.4107779824763185,28,true,true,2.3231864894117637E9
Landsat7_ETM,2006.0,6.0,Jun,2006-06,0.6720996721075096,0.47359374956951206,0.899604578553253,0.5329179492177682,4.715614634721524,25,true,true,2.3231864894117637E9
Landsat7_ETM,2006.0,7.0,Jul,2006-07,0.783307975341475,0.5313087264162399,0.9595316242969221,0.6055091997767277,4.907863030592047,24,true,true,2.3231864894117637E9
Landsat7_ETM,2006.0,8.0,Aug,2006-08,0.7657207935487661,0.5238607159491635,0.9519750079408686,0.5868650423472394,5.1894852418504005,27,true,true,2.3231864894117637E9
Landsat7_ETM,2006.0,9.0,Sep,2006-09,0.7193324282097577,0.4779036428800771,0.9251567203512271,0.5196852927565089,4.620150822507877,23,true,true,2.3231864894117637E9
Landsat7_ETM,2007.0,5.0,May,2007-05,0.6459887187828331,0.4585222085895739,0.886173843978819,0.468514722449432,4.343655873227279,28,true,true,2.3231864894117637E9
Landsat7_ETM,2007.0,6.0,Jun,2007-06,0.6317044900773293,0.45314914964139136,0.8777109299975507,0.4923164276597859,4.3553481314644715,26,true,true,2.3231864894117637E9
Landsat7_ETM,2007.0,7.0,Jul,2007-07,0.7009932514515367,0.49471638028522835,0.9217008843033304,0.5277406676451818,4.981315152437793,27,true,true,2.3231864894117637E9
Landsat7_ETM,2007.0,8.0,Aug,2007-08,0.735371152081874,0.5005074065958458,0.9394311689386179,0.5498324175893102,4.8652231492405305,30,true,true,2.3231864894117637E9
Landsat7_ETM,2007.0,9.0,Sep,2007-09,0.6824147179606601,0.4645014955650324,0.9099211732296114,0.46586513521681555,4.81472066052051,24,true,true,2.3231864894117637E9
Landsat7_ETM,2008.0,5.0,May,2008-05,0.6554830297632969,0.4579392531116307,0.8882148856009086,0.4658830733445232,4.303929261426122,25,true,true,2.3231864894117637E9
Landsat7_ETM,2008.0,6.0,Jun,2008-06,0.6649567458671474,0.4723785200432564,0.899771319408452,0.48097335102848976,4.690786277459574,25,true,true,2.3231864894117637E9
Landsat7_ETM,2008.0,7.0,Jul,2008-07,0.7273915436620673,0.5048632476101754,0.9335415457969991,0.5822410198950674,4.92431363220728,28,true,true,2.3231864894117637E9
Landsat7_ETM,2008.0,8.0,Aug,2008-08,0.7390881374126644,0.5072019433837498,0.9393474780211244,0.5888665143420742,5.18514312677896,28,true,true,2.3231864894117637E9
Landsat7_ETM,2008.0,9.0,Sep,2008-09,0.7353705857309759,0.4880834079976925,0.9373671041395176,0.5006893828129451,4.959017414632992,25,true,true,2.3231864894117637E9
Landsat7_ETM,2009.0,5.0,May,2009-05,0.6434870497216402,0.45445197992953,0.8797059124774725,0.4562238786043178,4.32008246171179,18,true,true,2.3231864894117637E9
Landsat7_ETM,2009.0,6.0,Jun,2009-06,0.684339100945517,0.48826317844749595,0.9063820201595005,0.526415952043148,4.723605618432947,24,true,true,2.3231864894117637E9
Landsat7_ETM,2009.0,7.0,Jul,2009-07,0.733885075561487,0.5107753430201888,0.93810803786009,0.5469587089254926,5.045963309971497,22,true,true,2.3231864894117637E9
Landsat7_ETM,2009.0,8.0,Aug,2009-08,0.7782753684915236,0.5245815054986978,0.9533142931398929,0.7878329582969832,5.028466823154233,25,true,true,2.3231864894117637E9
Landsat7_ETM,2009.0,9.0,Sep,2009-09,0.689154047648801,0.4580035795967981,0.897547053174336,0.5244521672623538,4.444741140964344,21,true,true,2.3231864894117637E9
Landsat7_ETM,2010.0,5.0,May,2010-05,0.6270297670775922,0.4536558917581836,0.871516777312404,0.467177960892723,4.446392691429763,24,true,true,2.3231864894117637E9
Landsat7_ETM,2010.0,6.0,Jun,2010-06,0.696427378085248,0.49053042016409215,0.916636420626053,0.5001116010480161,5.057953684688504,25,true,true,2.3231864894117637E9
Landsat7_ETM,2010.0,7.0,Jul,2010-07,0.6568659048653758,0.4701906760618575,0.8935795768357767,0.47674756256733153,4.907420328003831,27,true,true,2.3231864894117637E9
Landsat7_ETM,2010.0,8.0,Aug,2010-08,0.7495153060981692,0.501888436313646,0.9468589181620736,0.5424020759702766,4.863530215513124,22,true,true,2.3231864894117637E9
Landsat7_ETM,2010.0,9.0,Sep,2010-09,0.6138472290806811,0.4332441420533398,0.8585074332597351,0.399062210733019,4.694647417592107,25,true,true,2.3231864894117637E9
Landsat7_ETM,2011.0,5.0,May,2011-05,0.6333211144044828,0.45238529864323695,0.8772324328532656,0.4812952932919102,4.152129734125003,27,true,true,2.3231864894117637E9
Landsat7_ETM,2011.0,6.0,Jun,2011-06,0.6402783300956333,0.46092516259413474,0.8816378136339463,0.48099140295063164,4.536691808853216,26,true,true,2.3231864894117637E9
Landsat7_ETM,2011.0,7.0,Jul,2011-07,0.7678689785163346,0.5268550122099801,0.952524644262796,0.5807964640041152,5.16980010990507,28,true,true,2.3231864894117637E9
Landsat7_ETM,2011.0,8.0,Aug,2011-08,0.755521187018373,0.5116927566690768,0.9461820893848041,0.545203021817755,5.26907819883369,28,true,true,2.3231864894117637E9
Landsat7_ETM,2011.0,9.0,Sep,2011-09,0.6987791668359485,0.4671498596875961,0.9128974049805073,0.5388962248134244,4.709478838784489,18,true,true,2.3231864894117637E9
Landsat7_ETM,2012.0,5.0,May,2012-05,0.6347727575512684,0.45005673643082617,0.8803205404014536,0.49320170335062974,4.200287312862416,28,true,true,2.3231864894117637E9
Landsat7_ETM,2012.0,6.0,Jun,2012-06,0.6854507435241575,0.48548718216376097,0.9139117408482702,0.5133626735155835,4.802905833070662,27,true,true,2.3231864894117637E9
Landsat7_ETM,2012.0,7.0,Jul,2012-07,0.7190380578532354,0.49789314850947963,0.929433153343754,0.5500352133760898,4.851290697980932,24,true,true,2.3231864894117637E9
Landsat7_ETM,2012.0,8.0,Aug,2012-08,0.7854119098692022,0.5301166292906507,0.9603440757546504,0.5777068109382477,5.327354447763713,25,true,true,2.3231864894117637E9
Landsat7_ETM,2012.0,9.0,Sep,2012-09,0.7115969432438055,0.4823317071973487,0.9218568065936875,0.49625499459355216,5.030073660707475,25,true,true,2.3231864894117637E9
Landsat7_ETM,2013.0,5.0,May,2013-05,0.6431945659438203,0.46009518639544195,0.8812551118977558,0.464457159665529,4.440169391856575,24,true,true,2.3231864894117637E9
Landsat7_ETM,2013.0,6.0,Jun,2013-06,0.6840240940532127,0.4827171715788023,0.9083186776653444,0.49911977521970485,4.762017110882904,24,true,true,2.3231864894117637E9
Landsat7_ETM,2013.0,7.0,Jul,2013-07,0.7671608684353556,0.5286419849053792,0.9464581021027949,0.6625823555166991,5.0715201764256275,20,true,true,2.3231864894117637E9
Landsat7_ETM,2013.0,8.0,Aug,2013-08,0.7783340802369164,0.5268828666779009,0.9514661774488031,0.5970555399261016,5.100163232154704,23,true,true,2.3231864894117637E9
Landsat7_ETM,2013.0,9.0,Sep,2013-09,0.7374426325878922,0.4993041416525902,0.9367163363797303,0.522152196753315,5.2498523594535245,26,true,true,2.3231864894117637E9
Landsat7_ETM,2014.0,5.0,May,2014-05,0.6083752738721385,0.44411364560723315,0.8606890303107703,0.46221966064105685,4.087095398961489,27,true,true,2.3231864894117637E9
Landsat7_ETM,2014.0,6.0,Jun,2014-06,0.6567704578239809,0.4720480459259081,0.8951415117629994,0.4958723423943516,4.609187534800593,27,true,true,2.3231864894117637E9
Landsat7_ETM,2014.0,7.0,Jul,2014-07,0.7244814148767755,0.5114473800457119,0.9275514640383334,0.5549201374002142,5.170244143584173,29,true,true,2.3231864894117637E9
Landsat7_ETM,2014.0,8.0,Aug,2014-08,0.7947672615888753,0.540690698883087,0.9643596419457984,0.6117750927690471,5.391617500699561,26,true,true,2.3231864894117637E9
Landsat7_ETM,2014.0,9.0,Sep,2014-09,0.6778879529444002,0.4671373811988885,0.8974998403808457,0.46564900646212265,4.855205192654778,20,true,true,2.3231864894117637E9
Landsat7_ETM,2015.0,5.0,May,2015-05,0.60386159318295,0.43568451404972075,0.8563201257808968,0.4563664884134043,4.035880825351983,24,true,true,2.3231864894117637E9
Landsat7_ETM,2015.0,6.0,Jun,2015-06,0.7217767020560454,0.5032195129518973,0.9282267159373713,0.5411736594084562,5.019612358784951,26,true,true,2.3231864894117637E9
Landsat7_ETM,2015.0,7.0,Jul,2015-07,0.7939961179724307,0.5468707075958796,0.9624541124256457,0.608412226113411,5.504349066895719,28,true,true,2.3231864894117637E9
Landsat7_ETM,2015.0,8.0,Aug,2015-08,0.7972755613915692,0.5399581379708834,0.9660908120400948,0.5829254071725624,5.582021916402428,23,true,true,2.3231864894117637E9
Landsat7_ETM,2015.0,9.0,Sep,2015-09,0.6887531485575862,0.47166096424382825,0.9107414519046109,0.4809942454991558,5.0066935096640846,25,true,true,2.3231864894117637E9
Landsat7_ETM,2016.0,5.0,May,2016-05,0.6063355224238738,0.42683427563162196,0.8534881005907184,0.4277072374191452,3.963003199265289,20,true,true,2.3231864894117637E9
Landsat7_ETM,2016.0,6.0,Jun,2016-06,0.6515378988157543,0.46920937838197874,0.889512065160493,0.49473052586767347,4.581535459175175,16,true,true,2.3231864894117637E9
Landsat7_ETM,2016.0,7.0,Jul,2016-07,0.7445670631432751,0.5161795975779605,0.9439730847155007,0.5658267790117739,5.0548063110413155,25,true,true,2.3231864894117637E9
Landsat7_ETM,2016.0,8.0,Aug,2016-08,0.7975339612733593,0.5436864587441739,0.9614316371065665,0.6208193740425793,5.530057302447821,28,true,true,2.3231864894117637E9
Landsat7_ETM,2016.0,9.0,Sep,2016-09,0.7217385485575609,0.49156261060733586,0.9266558059684155,0.5130182783754901,5.185682725231845,25,true,true,2.3231864894117637E9
Landsat7_ETM,2017.0,5.0,May,2017-05,0.628553391868769,0.4498511938909058,0.8733705256692462,0.4508200404004365,4.3528700162461265,26,true,true,2.3231864894117637E9
Landsat7_ETM,2017.0,6.0,Jun,2017-06,0.6942957933953382,0.4919292238598947,0.912800796838009,0.5099509999451931,4.941467382263176,28,true,true,2.3231864894117637E9
Landsat7_ETM,2017.0,7.0,Jul,2017-07,0.7293172648135272,0.5115979437290444,0.9397182070428998,0.5642555555119076,4.959132412036763,29,true,true,2.3231864894117637E9
Landsat7_ETM,2017.0,8.0,Aug,2017-08,0.7621701581023997,0.5230009316957861,0.9413362150530417,0.5193922516707198,5.721859327016849,27,true,true,2.3231864894117637E9
Landsat7_ETM,2017.0,9.0,Sep,2017-09,0.7032788786805714,0.47528013509213396,0.9120887207945415,0.472466629620698,5.0636136424689795,20,true,true,2.3231864894117637E9
Landsat7_ETM,2018.0,5.0,May,2018-05,0.6221171497755141,0.44837046924941937,0.8694346566267204,0.4591838017503199,4.192529324261941,25,true,true,2.3231864894117637E9
Landsat7_ETM,2018.0,6.0,Jun,2018-06,0.6875868623373261,0.48213824411956174,0.9113263968707402,0.5039774762576367,4.734979009340942,28,true,true,2.3231864894117637E9
Landsat7_ETM,2018.0,7.0,Jul,2018-07,0.7069447847274603,0.504923756250848,0.9215498876415131,0.5340913555885339,5.081468939761294,22,true,true,2.3231864894117637E9
Landsat7_ETM,2018.0,8.0,Aug,2018-08,0.8071687687758766,0.5457822555363434,0.9691898851497569,0.5484100192695653,5.364584762570415,28,true,true,2.3231864894117637E9
Landsat7_ETM,2018.0,9.0,Sep,2018-09,0.7584413940312865,0.5017882435311098,0.9376372923255474,0.5273082556501244,5.138137684276891,22,true,true,2.3231864894117637E9
Landsat7_ETM,2019.0,5.0,May,2019-05,0.6215426516130076,0.44834779749963866,0.868356804916362,0.46257075152720617,4.2629639391327885,23,true,true,2.3231864894117637E9
Landsat7_ETM,2019.0,6.0,Jun,2019-06,0.6990189841327331,0.4940993314037402,0.9195491554201725,0.5252587417715502,4.887482552243804,23,true,true,2.3231864894117637E9
Landsat7_ETM,2019.0,7.0,Jul,2019-07,0.7928735651134753,0.5414831704952533,0.9636751009257224,0.6016213680980561,5.465218456239593,30,true,true,2.3231864894117637E9
Landsat7_ETM,2019.0,8.0,Aug,2019-08,0.7714381482488463,0.5217287531636966,0.9551459572959256,0.5507863986818476,5.521696278812328,26,true,true,2.3231864894117637E9
Landsat7_ETM,2019.0,9.0,Sep,2019-09,0.6371844341061237,0.4398781520103077,0.8780373279093864,0.40888825707292115,4.8093039281590615,31,true,true,2.3231864894117637E9
Landsat7_ETM,2020.0,5.0,May,2020-05,0.62094403920174,0.4307730776830603,0.8649616090248269,0.42323091028866167,4.069456720796445,22,true,true,2.3231864894117637E9
Landsat7_ETM,2020.0,6.0,Jun,2020-06,0.6603676111201429,0.4644305494439036,0.8950226956236417,0.5137885788950699,4.602473881975,26,true,true,2.3231864894117637E9
Landsat7_ETM,2020.0,7.0,Jul,2020-07,0.7416088876775084,0.5102099318515085,0.9414942659295443,0.5365767787282173,5.304213648248078,30,true,true,2.3231864894117637E9
Landsat7_ETM,2020.0,8.0,Aug,2020-08,0.7122368498650627,0.47809641015076415,0.9020686004359713,0.5293264503159538,4.360338064156872,23,true,true,2.3231864894117637E9
Landsat7_ETM,2020.0,9.0,Sep,2020-09,0.7437927378858246,0.49341229243030615,0.9360808759364462,0.5236573794053938,5.1139457140199776,27,true,true,2.3231864894117637E9
Landsat7_ETM,2021.0,5.0,May,2021-05,0.5987607788758226,0.4364637992643088,0.8485434062115522,0.4151723006577653,4.422052599735022,22,true,true,2.3231864894117637E9
Landsat7_ETM,2021.0,6.0,Jun,2021-06,0.6809412082720883,0.47130051866074174,0.908655715048885,0.4734213804654833,4.846557967680903,23,true,true,2.3231864894117637E9
Landsat7_ETM,2021.0,7.0,Jul,2021-07,0.7721419982666944,0.5283016682240844,0.9550321834965605,0.5870442384032212,5.163333564471,29,true,true,2.3231864894117637E9
Landsat7_ETM,2021.0,8.0,Aug,2021-08,0.8261063133657859,0.5472357459886659,0.9744421266432322,0.6192660041762998,5.300999660884195,25,true,true,2.3231864894117637E9
Landsat7_ETM,2021.0,9.0,Sep,2021-09,0.7659742393629198,0.5011759995715167,0.9494150037145673,0.4976296125783869,5.477495249505602,22,true,true,2.3231864894117637E9
Landsat7_ETM,2022.0,5.0,May,2022-05,0.6534507250650051,0.45069402008597426,0.8878617173074377,0.4372707162580603,4.525135450948181,20,true,true,2.3231864894117637E9
Landsat7_ETM,2022.0,6.0,Jun,2022-06,0.6823646493190423,0.4817240264440507,0.9087449476934231,0.4618925848287393,5.671299690296787,29,true,true,2.3231864894117637E9
Landsat7_ETM,2022.0,7.0,Jul,2022-07,0.7579160486892551,0.5200882052647824,0.9449247917958896,0.5566216756153095,5.579449639345698,23,true,true,2.3231864894117637E9
Landsat7_ETM,2022.0,8.0,Aug,2022-08,0.8250786050254845,0.5592940151665261,0.9734923665391133,0.632294449409838,5.9788129563984285,31,true,true,2.3231864894117637E9
Landsat7_ETM,2022.0,9.0,Sep,2022-09,0.7543283837814573,0.5044257050870604,0.9470199208868999,0.5313495901195799,5.325451288007294,28,true,true,2.3231864894117637E9
Landsat7_ETM,2023.0,5.0,May,2023-05,0.6279578745571697,0.44442833538860127,0.8712116721318308,0.43504021097166795,4.623048972858509,26,true,true,2.3231864894117637E9
Landsat7_ETM,2023.0,6.0,Jun,2023-06,0.6874968817678121,0.47225148058590016,0.906759919632228,0.48301239941480784,4.699771026071389,23,true,true,2.3231864894117637E9
Landsat7_ETM,2023.0,7.0,Jul,2023-07,0.786864603064926,0.535569883310644,0.9513185928165139,0.6024409429245754,30.028152220585046,29,true,true,2.3231864894117637E9
Landsat7_ETM,2023.0,8.0,Aug,2023-08,0.7905035687564053,0.5400982966086436,0.9606630364656337,0.5638113525813641,35.23001751472448,26,true,true,2.3231864894117637E9
Landsat7_ETM,2023.0,9.0,Sep,2023-09,0.7234617015696273,0.46917355531546795,0.9291794563620042,0.44111553424739264,5.5414452682137245,26,true,true,2.3231864894117637E9
Landsat8_OLI,2013.0,5.0,May,2013-05,0.6524647364760059,0.4636531852239709,0.8871390321297129,0.48974047627124867,4.137643048876482,15,true,true,2.3231864894117637E9
Landsat8_OLI,2013.0,6.0,Jun,2013-06,0.6870685860260726,0.48047575294814365,0.9135188349594454,0.5163965638832239,4.313456581487184,25,true,true,2.3231864894117637E9
Landsat8_OLI,2013.0,7.0,Jul,2013-07,0.7857176273007248,0.53378486635205,0.9609647182230746,0.6214461416997761,4.596128495752131,28,true,true,2.3231864894117637E9
Landsat8_OLI,2013.0,8.0,Aug,2013-08,0.7985741637003185,0.5353611977469879,0.9678246314419581,0.6091266863219434,4.728555980819067,26,true,true,2.3231864894117637E9
Landsat8_OLI,2013.0,9.0,Sep,2013-09,0.7561483085851584,0.5077845056411022,0.9488704096422618,0.5370172438830227,4.998680390862197,31,true,true,2.3231864894117637E9
Landsat8_OLI,2014.0,5.0,May,2014-05,0.6762593593937108,0.47375050719221895,0.905582597756037,0.5000153049539712,4.282655450330006,30,true,true,2.3231864894117637E9
Landsat8_OLI,2014.0,6.0,Jun,2014-06,0.6929993164990752,0.48651737556312874,0.9175677739288551,0.524291691315257,4.495221212564441,30,true,true,2.3231864894117637E9
Landsat8_OLI,2014.0,7.0,Jul,2014-07,0.7657246737797258,0.5232250562911831,0.9547947291939598,0.5867006372231707,4.819592008080539,28,true,true,2.3231864894117637E9
Landsat8_OLI,2014.0,8.0,Aug,2014-08,0.8095172662960646,0.5434683252553528,0.9711086473023077,0.6144341419649711,4.963088880972785,27,true,true,2.3231864894117637E9
Landsat8_OLI,2014.0,9.0,Sep,2014-09,0.7500686651451393,0.5006950234792095,0.9450545287532076,0.5235333949002716,5.004302571767855,19,true,true,2.3231864894117637E9
Landsat8_OLI,2015.0,5.0,May,2015-05,0.6764962469863542,0.4727564389499821,0.9074959860676378,0.49951756549293314,4.304281643875852,32,true,true,2.3231864894117637E9
Landsat8_OLI,2015.0,6.0,Jun,2015-06,0.7500731560208753,0.5135746717471285,0.9468878071947119,0.5644428661568864,4.743299924748864,29,true,true,2.3231864894117637E9
Landsat8_OLI,2015.0,7.0,Jul,2015-07,0.7999802558444354,0.5453517889098806,0.9682949102381196,0.634173430459578,4.834092745849153,29,true,true,2.3231864894117637E9
Landsat8_OLI,2015.0,8.0,Aug,2015-08,0.8101936231358863,0.5466149616057788,0.9709785590300926,0.6124846006591695,5.211783957057769,30,true,true,2.3231864894117637E9
Landsat8_OLI,2015.0,9.0,Sep,2015-09,0.6964699397295987,0.46582848302783997,0.9160251515756442,0.4558940018893074,4.86595971591523,25,true,true,2.3231864894117637E9
Landsat8_OLI,2016.0,5.0,May,2016-05,0.671092867602669,0.4509978879532873,0.904982212813774,0.46912314269657657,3.948222983220337,26,true,true,2.3231864894117637E9
Landsat8_OLI,2016.0,6.0,Jun,2016-06,0.6644618608204175,0.4696138343664686,0.8996449636096747,0.49117220375621046,4.281313544082571,26,true,true,2.3231864894117637E9
Landsat8_OLI,2016.0,7.0,Jul,2016-07,0.7695065860315876,0.5279379331099914,0.9561487592025932,0.5906839977348057,4.921300526816188,27,true,true,2.3231864894117637E9
Landsat8_OLI,2016.0,8.0,Aug,2016-08,0.8069307885778937,0.5488710483345471,0.9710943962143297,0.6353004984586254,5.005583707896325,30,true,true,2.3231864894117637E9
Landsat8_OLI,2016.0,9.0,Sep,2016-09,0.7185601294840346,0.49496040299631644,0.9302242767671746,0.5193277439797314,4.97097802644089,25,true,true,2.3231864894117637E9
Landsat8_OLI,2017.0,5.0,May,2017-05,0.6675285799756513,0.4652817752477149,0.8999074988726873,0.4770682736167314,4.340329863831098,26,true,true,2.3231864894117637E9
Landsat8_OLI,2017.0,6.0,Jun,2017-06,0.7153542804406008,0.5002788500587538,0.9286125496976498,0.5457767737790055,4.665286691977706,30,true,true,2.3231864894117637E9
Landsat8_OLI,2017.0,7.0,Jul,2017-07,0.7763237429161152,0.5297682937691105,0.9610405171637476,0.587517644141975,4.908927998660702,31,true,true,2.3231864894117637E9
Landsat8_OLI,2017.0,8.0,Aug,2017-08,0.8050422880205538,0.5414301976110232,0.9699990844958187,0.6064742732113207,5.172386079109174,28,true,true,2.3231864894117637E9
Landsat8_OLI,2017.0,9.0,Sep,2017-09,0.7435548641389629,0.49819978105848695,0.9389186707392541,0.5093904200740977,5.20856859975424,29,true,true,2.3231864894117637E9
Landsat8_OLI,2018.0,5.0,May,2018-05,0.6444006499012105,0.4493814672884965,0.8894654380532163,0.4635454373295179,3.927222423915667,28,true,true,2.3231864894117637E9
Landsat8_OLI,2018.0,6.0,Jun,2018-06,0.7105747357272191,0.49049721338149765,0.9273514722654331,0.5300910388149515,4.456469078724323,28,true,true,2.3231864894117637E9
Landsat8_OLI,2018.0,7.0,Jul,2018-07,0.7332294967975592,0.5094735097433291,0.9366223456752423,0.548708064996365,4.8644045157385305,23,true,true,2.3231864894117637E9
Landsat8_OLI,2018.0,8.0,Aug,2018-08,0.8062755102871114,0.5423755603012519,0.9708728555557132,0.6210678606982796,4.748620052904575,29,true,true,2.3231864894117637E9
Landsat8_OLI,2018.0,9.0,Sep,2018-09,0.7688600312068308,0.5027811666894906,0.9516851395256073,0.5362421911611513,4.549063838229332,22,true,true,2.3231864894117637E9
Landsat8_OLI,2019.0,5.0,May,2019-05,0.6669772460988959,0.4689975052907888,0.9007883273024844,0.49066207529409916,4.353571168685803,32,true,true,2.3231864894117637E9
Landsat8_OLI,2019.0,6.0,Jun,2019-06,0.6926219446674334,0.48544182130327634,0.9193131094890853,0.5313270639493393,4.338192129857375,24,true,true,2.3231864894117637E9
Landsat8_OLI,2019.0,7.0,Jul,2019-07,0.7941847669973843,0.5397239761765426,0.965665879113238,0.6140927786504596,4.969106207296303,28,true,true,2.3231864894117637E9
Landsat8_OLI,2019.0,8.0,Aug,2019-08,0.7838573398690849,0.5274859599811406,0.9622139311720178,0.5804967482918594,5.021913111414305,32,true,true,2.3231864894117637E9
Landsat8_OLI,2019.0,9.0,Sep,2019-09,0.6714241323438233,0.4578037323204672,0.9032397629190327,0.44323013157195346,4.747206000335464,26,true,true,2.3231864894117637E9
Landsat8_OLI,2020.0,5.0,May,2020-05,0.6444354668895187,0.4445088239623462,0.8836854428646735,0.4467244220732569,4.033356222968585,25,true,true,2.3231864894117637E9
Landsat8_OLI,2020.0,6.0,Jun,2020-06,0.6678645198926925,0.46660649202663274,0.9023456432748879,0.487397787347581,4.256821019923127,28,true,true,2.3231864894117637E9
Landsat8_OLI,2020.0,7.0,Jul,2020-07,0.7529854327657298,0.518193870492181,0.9480470018534572,0.5696364441678556,4.980949850589524,32,true,true,2.3231864894117637E9
Landsat8_OLI,2020.0,8.0,Aug,2020-08,0.8123853171113382,0.5447054531009111,0.9701547874230886,0.6161834814227981,5.098876160343014,30,true,true,2.3231864894117637E9
Landsat8_OLI,2020.0,9.0,Sep,2020-09,0.7251682983531045,0.471677043783552,0.9284843613628212,0.5267615511516478,4.05953000687288,22,true,true,2.3231864894117637E9
Landsat8_OLI,2021.0,5.0,May,2021-05,0.6118305692681962,0.446754672818608,0.8598986958554002,0.4484080446252601,4.2156449075220985,30,true,true,2.3231864894117637E9
Landsat8_OLI,2021.0,6.0,Jun,2021-06,0.727387784829521,0.5028260908612615,0.9354042873468876,0.5403235338724186,4.850662752730331,30,true,true,2.3231864894117637E9
Landsat8_OLI,2021.0,7.0,Jul,2021-07,0.7904942693403548,0.536843164061755,0.9643599386297003,0.6047766718218999,4.9983147517718285,29,true,true,2.3231864894117637E9
Landsat8_OLI,2021.0,8.0,Aug,2021-08,0.8018889309217108,0.5349813091152715,0.969277351109648,0.5988182826064895,2.0274817884143492,26,true,true,2.3231864894117637E9
Landsat8_OLI,2021.0,9.0,Sep,2021-09,0.7624222517543705,0.5030804702285346,0.9499946290143159,0.5181014651457483,5.098992469291718,24,true,true,2.3231864894117637E9
Landsat8_OLI,2022.0,5.0,May,2022-05,0.6501081219847618,0.4484001846747602,0.8897659224595176,0.4560928289529671,4.042101144741057,25,true,true,2.3231864894117637E9
Landsat8_OLI,2022.0,6.0,Jun,2022-06,0.7027702716532046,0.49013420418240233,0.9255014513098585,0.5194955265758759,4.709034807973874,29,true,true,2.3231864894117637E9
Landsat8_OLI,2022.0,7.0,Jul,2022-07,0.7735617767808106,0.5296699862824839,0.9557759134365074,0.6101815551006332,4.693448079131911,28,true,true,2.3231864894117637E9
Landsat8_OLI,2022.0,8.0,Aug,2022-08,0.8349241654817341,0.5692158348791856,0.9778340615986129,0.6663509414097107,5.339194449627766,30,true,true,2.3231864894117637E9
Landsat8_OLI,2022.0,9.0,Sep,2022-09,0.747033632177316,0.500212596555549,0.9446774780669523,0.5148030599205575,5.121597746037204,28,true,true,2.3231864894117637E9
Landsat8_OLI,2023.0,5.0,May,2023-05,0.6301913249429012,0.44292245877815684,0.8813076390916326,0.45734059211350214,3.957865028723654,27,true,true,2.3231864894117637E9
Landsat8_OLI,2023.0,6.0,Jun,2023-06,0.6902500523909004,0.47651426742390146,0.9158066749894875,0.5116101259062057,4.247854139433819,28,true,true,2.3231864894117637E9
Landsat8_OLI,2023.0,7.0,Jul,2023-07,0.8030214507161111,0.546835623441226,0.9688285247580355,0.6249162942670524,5.055648082940956,32,true,true,2.3231864894117637E9
Landsat8_OLI,2023.0,8.0,Aug,2023-08,0.7979607782564252,0.5339420793485058,0.9661707394770747,0.5851584465057774,5.145137741562475,27,true,true,2.3231864894117637E9
Landsat8_OLI,2023.0,9.0,Sep,2023-09,0.6894491814665136,0.46251405910171506,0.91436176429304,0.44082146111278964,4.93509298856743,28,true,true,2.3231864894117637E9
Landsat8_OLI,2024.0,5.0,May,2024-05,0.6538704769855292,0.4566720259103174,0.8925741071176576,0.4616980222487427,4.315272921266492,26,true,true,2.3231864894117637E9
Landsat8_OLI,2024.0,6.0,Jun,2024-06,0.6451745444138401,0.46813437772792044,0.8899092400867875,0.4748421561458397,4.6356400301213165,26,true,true,2.3231864894117637E9
Landsat8_OLI,2024.0,7.0,Jul,2024-07,0.7210622320090272,0.4993267001599679,0.9320448668974796,0.5436306259024147,4.665409393452224,26,true,true,2.3231864894117637E9
Landsat8_OLI,2024.0,8.0,Aug,2024-08,0.8221950037713324,0.5550925497449616,0.974900848535185,0.6347068616847742,5.26615966429764,26,true,true,2.3231864894117637E9
Landsat8_OLI,2024.0,9.0,Sep,2024-09,0.8049744834422148,0.5408517520542597,0.9653655294270592,0.5817127805251693,5.6588903703375655,23,true,true,2.3231864894117637E9
Landsat9_OLI2,2022.0,5.0,May,2022-05,0.6662840690724241,0.4619681926000554,0.901478953513752,0.47676977629532663,4.220347439174972,25,true,true,2.3231864894117637E9
Landsat9_OLI2,2022.0,6.0,Jun,2022-06,0.6997691612651731,0.4865791331523545,0.9222445091572815,0.5184616714658781,4.569838265441985,27,true,true,2.3231864894117637E9
Landsat9_OLI2,2022.0,7.0,Jul,2022-07,0.770788171850379,0.5307052629495246,0.9546108026006481,0.5981857001620554,4.855196632080429,29,true,true,2.3231864894117637E9
Landsat9_OLI2,2022.0,8.0,Aug,2022-08,0.8282533231577168,0.5629572505834193,0.9751880518626079,0.6543956508386821,5.320566262356805,29,true,true,2.3231864894117637E9
Landsat9_OLI2,2022.0,9.0,Sep,2022-09,0.745068296008735,0.49950321478742865,0.9432742998286227,0.5338243760293604,4.730403941209531,28,true,true,2.3231864894117637E9
Landsat9_OLI2,2023.0,5.0,May,2023-05,0.6165312445951374,0.4387242188385606,0.8713492976139149,0.4496070081318265,3.8829704876990503,23,true,true,2.3231864894117637E9
Landsat9_OLI2,2023.0,6.0,Jun,2023-06,0.6974176210847695,0.48057978526983347,0.9156883105639232,0.5152199907929755,4.3130306543161625,28,true,true,2.3231864894117637E9
Landsat9_OLI2,2023.0,7.0,Jul,2023-07,0.8188686339514316,0.5559787598453529,0.9735347537613652,0.6392542631939548,5.182506504420694,31,true,true,2.3231864894117637E9
Landsat9_OLI2,2023.0,8.0,Aug,2023-08,0.7901173079852118,0.5320347630046541,0.96414407827303,0.5903718763541163,4.936737768230708,28,true,true,2.3231864894117637E9
Landsat9_OLI2,2023.0,9.0,Sep,2023-09,0.6739060015611734,0.45579246064044787,0.9023485168548201,0.42001217948414543,4.886480604668724,25,true,true,2.3231864894117637E9
Landsat9_OLI2,2024.0,5.0,May,2024-05,0.6579955774973116,0.4594137369977364,0.896056066713791,0.4685129469712372,4.3224063216998525,28,true,true,2.3231864894117637E9
Landsat9_OLI2,2024.0,6.0,Jun,2024-06,0.6441240924154403,0.46755535825126343,0.8893932454672077,0.4747114765960474,4.633351563262524,31,true,true,2.3231864894117637E9
Landsat9_OLI2,2024.0,7.0,Jul,2024-07,0.7344847785834039,0.5014311976998177,0.9389728560938808,0.5502161533039449,4.552598064529637,27,true,true,2.3231864894117637E9
Landsat9_OLI2,2024.0,8.0,Aug,2024-08,0.8140992465720692,0.5489422874522143,0.972277569921334,0.639125335745075,4.927106256085601,29,true,true,2.3231864894117637E9
Landsat9_OLI2,2024.0,9.0,Sep,2024-09,0.7705224922862406,0.5180501137133177,0.9549622725099828,0.5662320563012891,4.853727152463705,20,true,true,2.3231864894117637E9
