date,county,year,T_avg
2023-01-01,Roanoke,2023,11.768189757764247
2023-01-01,Alleghany,2023,10.20189988954892
2023-01-01,Bath,2023,9.162763210922911
2023-01-01,Amherst,2023,10.968464173964868
2023-01-01,Bedford,2023,10.933094746722148
2023-01-01,Franklin,2023,10.989803546344756
2023-01-01,Roanoke,2023,10.668843819850464
2023-01-01,Augusta,2023,10.896484205805438
2023-01-01,Fairfax,2023,10.52419093320031
2023-01-01,Richmond,2023,9.786267170116256
2023-01-01,Appomattox,2023,12.313181142111643
2023-01-01,Fairfax,2023,10.740899849397612
2023-01-01,Franklin,2023,11.13085822699152
2023-01-01,Richmond,2023,11.143177869752972
2023-01-08,Roanoke,2023,-0.6499999999999773
2023-01-08,Alleghany,2023,-0.7433674484447068
2023-01-08,Bath,2023,-1.358590283888268
2023-01-08,Amherst,2023,1.6157107437434666
2023-01-08,Bedford,2023,1.204734578755592
2023-01-08,Franklin,2023,1.5194074015389631
2023-01-08,Roanoke,2023,0.1575158704967732
2023-01-08,Augusta,2023,-1.4236152677553853
2023-01-08,Fairfax,2023,-0.8838274317586092
2023-01-08,Richmond,2023,NA
2023-01-08,Appomattox,2023,0.15771910182251078
2023-01-08,Fairfax,2023,NA
2023-01-08,Franklin,2023,NA
2023-01-08,Richmond,2023,NA
2023-01-15,Roanoke,2023,4.24199780769558
2023-01-15,Alleghany,2023,5.7364780382424305
2023-01-15,Bath,2023,3.642156680118849
2023-01-15,Amherst,2023,5.35812411037856
2023-01-15,Bedford,2023,5.460011101208782
2023-01-15,Franklin,2023,3.855995538051246
2023-01-15,Roanoke,2023,4.481318914150576
2023-01-15,Augusta,2023,3.4147294080743755
2023-01-15,Fairfax,2023,3.67142988115184
2023-01-15,Richmond,2023,5.46986216880474
2023-01-15,Appomattox,2023,5.229702377663707
2023-01-15,Fairfax,2023,2.4307479797030944
2023-01-15,Franklin,2023,5.454053799303975
2023-01-15,Richmond,2023,5.757558151937892
2023-01-22,Roanoke,2023,4.804288625312714
2023-01-22,Alleghany,2023,0.9726190020161574
2023-01-22,Bath,2023,-0.4283993155314891
2023-01-22,Amherst,2023,4.397669748632639
2023-01-22,Bedford,2023,4.4503778340457405
2023-01-22,Franklin,2023,4.498147746019249
2023-01-22,Roanoke,2023,4.134552416650216
2023-01-22,Augusta,2023,0.3838553395676293
2023-01-22,Fairfax,2023,2.763727381497546
2023-01-22,Richmond,2023,3.209639680390888
2023-01-22,Appomattox,2023,3.600577764408329
2023-01-22,Fairfax,2023,NA
2023-01-22,Franklin,2023,5.375397331786574
2023-01-22,Richmond,2023,5.193633561993846
2023-01-29,Roanoke,2023,-0.8694911151611537
2023-01-29,Alleghany,2023,-4.8051637976746
2023-01-29,Bath,2023,-6.572986211019942
2023-01-29,Amherst,2023,-2.963607170462774
2023-01-29,Bedford,2023,-1.785694524076214
2023-01-29,Franklin,2023,-1.4299738758282643
2023-01-29,Roanoke,2023,-2.4578510535140428
2023-01-29,Augusta,2023,-4.92916201201086
2023-01-29,Fairfax,2023,-3.1642514051028887
2023-01-29,Richmond,2023,-2.2088187052499357
2023-01-29,Appomattox,2023,-3.0243129188323827
2023-01-29,Fairfax,2023,-2.8833753053936975
2023-01-29,Franklin,2023,0.4110469837587282
2023-01-29,Richmond,2023,-0.6442985409651795
2023-02-05,Roanoke,2023,6.6182521798211145
2023-02-05,Alleghany,2023,2.101208544955418
2023-02-05,Bath,2023,3.716990631344654
2023-02-05,Amherst,2023,6.460053882957031
2023-02-05,Bedford,2023,6.227954229319676
2023-02-05,Franklin,2023,5.9971690570224885
2023-02-05,Roanoke,2023,5.569517709984366
2023-02-05,Augusta,2023,6.943604649774255
2023-02-05,Fairfax,2023,8.41004902476491
2023-02-05,Richmond,2023,5.340368985866426
2023-02-05,Appomattox,2023,6.3774475126768015
2023-02-05,Fairfax,2023,8.294937845303904
2023-02-05,Franklin,2023,9.012757153905676
2023-02-05,Richmond,2023,2.89725761433
2023-02-12,Roanoke,2023,9.761592184528356
2023-02-12,Alleghany,2023,9.603262355848464
2023-02-12,Bath,2023,8.449510643274898
2023-02-12,Amherst,2023,8.051796204145957
2023-02-12,Bedford,2023,7.86437142625487
2023-02-12,Franklin,2023,8.333696587615602
2023-02-12,Roanoke,2023,9.841268445406405
2023-02-12,Augusta,2023,5.742245939818847
2023-02-12,Fairfax,2023,7.430905929879832
2023-02-12,Richmond,2023,5.976529768397597
2023-02-12,Appomattox,2023,6.79347260868375
2023-02-12,Fairfax,2023,7.691425483931622
2023-02-12,Franklin,2023,9.09134063225061
2023-02-12,Richmond,2023,8.288396470453009
2023-02-19,Roanoke,2023,14.634131931757526
2023-02-19,Alleghany,2023,12.385794940243764
2023-02-19,Bath,2023,12.383426513677373
2023-02-19,Amherst,2023,15.16634713227143
2023-02-19,Bedford,2023,12.14571180247837
2023-02-19,Franklin,2023,9.22361967918535
2023-02-19,Roanoke,2023,12.183642537800624
2023-02-19,Augusta,2023,13.448285691131938
2023-02-19,Fairfax,2023,11.343706376929218
2023-02-19,Richmond,2023,14.159513336170638
2023-02-19,Appomattox,2023,15.446482409358776
2023-02-19,Fairfax,2023,12.866124330755538
2023-02-19,Franklin,2023,13.172099767981472
2023-02-19,Richmond,2023,17.91703590863803
2023-02-26,Roanoke,2023,11.039395536812536
2023-02-26,Alleghany,2023,9.236816722911328
2023-02-26,Bath,2023,7.26751708388093
2023-02-26,Amherst,2023,9.967696444402211
2023-02-26,Bedford,2023,10.433108149889808
2023-02-26,Franklin,2023,11.321649862133258
2023-02-26,Roanoke,2023,9.318435367211253
2023-02-26,Augusta,2023,6.8034652617387215
2023-02-26,Fairfax,2023,9.128634180979695
2023-02-26,Richmond,2023,8.655822435897463
2023-02-26,Appomattox,2023,7.249672181283342
2023-02-26,Fairfax,2023,10.22929900394666
2023-02-26,Franklin,2023,NA
2023-02-26,Richmond,2023,10.927979432213242
2023-03-05,Roanoke,2023,12.669460098185288
2023-03-05,Alleghany,2023,8.680084423141322
2023-03-05,Bath,2023,7.113081368052323
2023-03-05,Amherst,2023,10.646300461353825
2023-03-05,Bedford,2023,11.14293699668589
2023-03-05,Franklin,2023,11.101096709316456
2023-03-05,Roanoke,2023,10.737583202848809
2023-03-05,Augusta,2023,7.53922317940194
2023-03-05,Fairfax,2023,9.072393249494093
2023-03-05,Richmond,2023,8.988473196342103
2023-03-05,Appomattox,2023,10.634433039801666
2023-03-05,Fairfax,2023,9.905519169329104
2023-03-05,Franklin,2023,11.839724187935063
2023-03-05,Richmond,2023,11.674531472752385
2023-03-12,Roanoke,2023,9.574237443760932
2023-03-12,Alleghany,2023,5.801109125242386
2023-03-12,Bath,2023,3.926167856539609
2023-03-12,Amherst,2023,8.233379817644375
2023-03-12,Bedford,2023,7.341335826501271
2023-03-12,Franklin,2023,7.885121433963699
2023-03-12,Roanoke,2023,7.878918311908826
2023-03-12,Augusta,2023,6.235919587562123
2023-03-12,Fairfax,2023,7.166218049353537
2023-03-12,Richmond,2023,6.735147071548754
2023-03-12,Appomattox,2023,7.034774694441796
2023-03-12,Fairfax,2023,7.855124036835212
2023-03-12,Franklin,2023,8.391057859628797
2023-03-12,Richmond,2023,8.760600904422496
2023-03-19,Roanoke,2023,10.029676423961083
2023-03-19,Alleghany,2023,6.246737088736839
2023-03-19,Bath,2023,4.395371915469667
2023-03-19,Amherst,2023,8.7184215540007
2023-03-19,Bedford,2023,11.320254952236825
2023-03-19,Franklin,2023,12.898830187362607
2023-03-19,Roanoke,2023,9.543601359706424
2023-03-19,Augusta,2023,6.151979425778448
2023-03-19,Fairfax,2023,8.086790220646439
2023-03-19,Richmond,2023,7.763377491328249
2023-03-19,Appomattox,2023,10.688951135935676
2023-03-19,Fairfax,2023,9.552698114389552
2023-03-19,Franklin,2023,9.588549158932748
2023-03-19,Richmond,2023,9.43466409902662
2023-03-26,Roanoke,2023,17.827960772747414
2023-03-26,Alleghany,2023,13.62497317770471
2023-03-26,Bath,2023,12.851485991435336
2023-03-26,Amherst,2023,13.883964356266883
2023-03-26,Bedford,2023,13.939856419989567
2023-03-26,Franklin,2023,14.042855570177254
2023-03-26,Roanoke,2023,15.717356668089726
2023-03-26,Augusta,2023,12.908423969765996
2023-03-26,Fairfax,2023,11.333779312281246
2023-03-26,Richmond,2023,14.085019247355524
2023-03-26,Appomattox,2023,11.66382436374453
2023-03-26,Fairfax,2023,11.730563803796308
2023-03-26,Franklin,2023,11.807412993039478
2023-03-26,Richmond,2023,13.071222021274556
2023-04-02,Roanoke,2023,13.857306463878356
2023-04-02,Alleghany,2023,16.324289886815077
2023-04-02,Bath,2023,15.875047583220269
2023-04-02,Amherst,2023,11.816377934913202
2023-04-02,Bedford,2023,13.291030181632497
2023-04-02,Franklin,2023,13.434759084552708
2023-04-02,Roanoke,2023,10.84230627963712
2023-04-02,Augusta,2023,16.65731376632784
2023-04-02,Fairfax,2023,16.174575916167857
2023-04-02,Richmond,2023,15.49926371653333
2023-04-02,Appomattox,2023,14.683599112786675
2023-04-02,Fairfax,2023,17.58973407254279
2023-04-02,Franklin,2023,17.979981157930826
2023-04-02,Richmond,2023,17.73397265654942
2023-04-09,Roanoke,2023,18.36054210348804
2023-04-09,Alleghany,2023,16.076436197300875
2023-04-09,Bath,2023,15.201490800733309
2023-04-09,Amherst,2023,17.112845588174025
2023-04-09,Bedford,2023,16.608783207971488
2023-04-09,Franklin,2023,16.270978825813373
2023-04-09,Roanoke,2023,16.79093424137807
2023-04-09,Augusta,2023,15.327800726381303
2023-04-09,Fairfax,2023,18.13218623686026
2023-04-09,Richmond,2023,15.583104815673655
2023-04-09,Appomattox,2023,17.261300629439873
2023-04-09,Fairfax,2023,18.741699555221473
2023-04-09,Franklin,2023,16.12917633410677
2023-04-09,Richmond,2023,18.996461255461057
2023-04-16,Roanoke,2023,19.12206297345749
2023-04-16,Alleghany,2023,16.926788857123164
2023-04-16,Bath,2023,16.18004257119321
2023-04-16,Amherst,2023,17.68206120043682
2023-04-16,Bedford,2023,18.44187368105891
2023-04-16,Franklin,2023,18.3361718935554
2023-04-16,Roanoke,2023,18.83837349325467
2023-04-16,Augusta,2023,15.310272181752069
2023-04-16,Fairfax,2023,19.050251478833182
2023-04-16,Richmond,2023,19.35227938902027
2023-04-16,Appomattox,2023,19.075297958528417
2023-04-16,Fairfax,2023,20.08186994925769
2023-04-16,Franklin,2023,20.90950116009283
2023-04-16,Richmond,2023,22.25687167867458
2023-04-23,Roanoke,2023,15.130850209165276
2023-04-23,Alleghany,2023,9.716559480986668
2023-04-23,Bath,2023,9.020363047101458
2023-04-23,Amherst,2023,12.042922718702108
2023-04-23,Bedford,2023,12.334458521962086
2023-04-23,Franklin,2023,12.377383515652737
2023-04-23,Roanoke,2023,12.279547389222502
2023-04-23,Augusta,2023,9.801350786730683
2023-04-23,Fairfax,2023,14.472426954888157
2023-04-23,Richmond,2023,13.726565520596504
2023-04-23,Appomattox,2023,12.979612392551804
2023-04-23,Fairfax,2023,15.524355767321849
2023-04-23,Franklin,2023,14.37635314122072
2023-04-23,Richmond,2023,15.864351701280064
2023-04-30,Roanoke,2023,16.394560567775457
2023-04-30,Alleghany,2023,13.183663901542555
2023-04-30,Bath,2023,11.49390013292456
2023-04-30,Amherst,2023,12.50069782104753
2023-04-30,Bedford,2023,13.08845746343083
2023-04-30,Franklin,2023,13.95999754381312
2023-04-30,Roanoke,2023,13.861666100341166
2023-04-30,Augusta,2023,10.961743317791884
2023-04-30,Fairfax,2023,15.053781166115682
2023-04-30,Richmond,2023,13.956363830049176
2023-04-30,Appomattox,2023,13.000803709119864
2023-04-30,Fairfax,2023,15.447556675063002
2023-04-30,Franklin,2023,19.454578556492923
2023-04-30,Richmond,2023,17.98776101016326
2023-05-07,Roanoke,2023,15.82624249699883
2023-05-07,Alleghany,2023,16.97860585985049
2023-05-07,Bath,2023,16.704120004892868
2023-05-07,Amherst,2023,16.80215805823565
2023-05-07,Bedford,2023,17.886938010557042
2023-05-07,Franklin,2023,17.982000131235484
2023-05-07,Roanoke,2023,18.2089408967179
2023-05-07,Augusta,2023,15.837375563955847
2023-05-07,Fairfax,2023,19.51601025354787
2023-05-07,Richmond,2023,17.020747335511455
2023-05-07,Appomattox,2023,17.091904754088223
2023-05-07,Fairfax,2023,20.931513667890684
2023-05-07,Franklin,2023,21.061346191028647
2023-05-07,Richmond,2023,22.01839724968705
2023-05-14,Roanoke,2023,19.748725848564003
2023-05-14,Alleghany,2023,14.908732422607205
2023-05-14,Bath,2023,14.268783204037792
2023-05-14,Amherst,2023,12.77328115021976
2023-05-14,Bedford,2023,13.36320726830119
2023-05-14,Franklin,2023,16.39295996458166
2023-05-14,Roanoke,2023,15.670295559848206
2023-05-14,Augusta,2023,15.118461787527837
2023-05-14,Fairfax,2023,19.748098481542275
2023-05-14,Richmond,2023,17.11370353822402
2023-05-14,Appomattox,2023,18.066334837206423
2023-05-14,Fairfax,2023,21.771450855102444
2023-05-14,Franklin,2023,15.470563380281728
2023-05-14,Richmond,2023,21.054390406090224
2023-05-21,Roanoke,2023,20.59085057616287
2023-05-21,Alleghany,2023,15.88161085588141
2023-05-21,Bath,2023,15.709660996335364
2023-05-21,Amherst,2023,16.86570136228992
2023-05-21,Bedford,2023,16.831598630051133
2023-05-21,Franklin,2023,16.94257045294393
2023-05-21,Roanoke,2023,16.319692179657245
2023-05-21,Augusta,2023,15.824303647049533
2023-05-21,Fairfax,2023,19.386611045818963
2023-05-21,Richmond,2023,16.767084581178
2023-05-21,Appomattox,2023,16.376989523770376
2023-05-21,Fairfax,2023,20.4467433214897
2023-05-21,Franklin,2023,20.828459976798182
2023-05-21,Richmond,2023,20.56035669963159
2023-05-28,Roanoke,2023,24.293242966986064
2023-05-28,Alleghany,2023,20.388283362028837
2023-05-28,Bath,2023,20.3405153899564
2023-05-28,Amherst,2023,21.42782305393713
2023-05-28,Bedford,2023,20.884165757029145
2023-05-28,Franklin,2023,20.743622708178435
2023-05-28,Roanoke,2023,20.80877560903764
2023-05-28,Augusta,2023,20.93273285827623
2023-05-28,Fairfax,2023,24.763644294077913
2023-05-28,Richmond,2023,22.628772817353543
2023-05-28,Appomattox,2023,22.252094913749
2023-05-28,Fairfax,2023,26.236463070851364
2023-05-28,Franklin,2023,23.29743329466361
2023-05-28,Richmond,2023,23.33265827393275
2023-06-04,Roanoke,2023,20.8477986009801
2023-06-04,Alleghany,2023,16.10612400827921
2023-06-04,Bath,2023,15.93612969383933
2023-06-04,Amherst,2023,18.19124041601706
2023-06-04,Bedford,2023,18.745031567166745
2023-06-04,Franklin,2023,18.918708452087763
2023-06-04,Roanoke,2023,17.855504140324744
2023-06-04,Augusta,2023,17.568500430630912
2023-06-04,Fairfax,2023,20.21967322551632
2023-06-04,Richmond,2023,18.210709970902585
2023-06-04,Appomattox,2023,18.730718859898005
2023-06-04,Fairfax,2023,21.989349008939005
2023-06-04,Franklin,2023,21.51269467807428
2023-06-04,Richmond,2023,21.63308024083834
2023-06-11,Roanoke,2023,22.9937974608213
2023-06-11,Alleghany,2023,17.590312094639046
2023-06-11,Bath,2023,15.8603748007237
2023-06-11,Amherst,2023,19.70851895260473
2023-06-11,Bedford,2023,21.02492372257007
2023-06-11,Franklin,2023,20.3580544148242
2023-06-11,Roanoke,2023,19.00767248996235
2023-06-11,Augusta,2023,18.62193538955863
2023-06-11,Fairfax,2023,22.247987361821483
2023-06-11,Richmond,2023,22.072566641102146
2023-06-11,Appomattox,2023,21.3383651070375
2023-06-11,Fairfax,2023,24.07468174846629
2023-06-11,Franklin,2023,24.16494259957467
2023-06-11,Richmond,2023,23.09649116607776
2023-06-18,Roanoke,2023,25.68401650785947
2023-06-18,Alleghany,2023,19.86831602748391
2023-06-18,Bath,2023,19.49357816222476
2023-06-18,Amherst,2023,22.3059207785533
2023-06-18,Bedford,2023,23.04052782469676
2023-06-18,Franklin,2023,22.3075843246154
2023-06-18,Roanoke,2023,21.64070611186567
2023-06-18,Augusta,2023,21.56161867128355
2023-06-18,Fairfax,2023,25.718905536676655
2023-06-18,Richmond,2023,22.440137381704545
2023-06-18,Appomattox,2023,22.71442342026533
2023-06-18,Fairfax,2023,27.222725856697863
2023-06-18,Franklin,2023,26.11044574551134
2023-06-18,Richmond,2023,22.507779605263192
2023-06-25,Roanoke,2023,21.018497033202905
2023-06-25,Alleghany,2023,19.30641884383904
2023-06-25,Bath,2023,18.77408106990214
2023-06-25,Amherst,2023,20.60120554702919
2023-06-25,Bedford,2023,21.27595044207124
2023-06-25,Franklin,2023,20.427260622266175
2023-06-25,Roanoke,2023,19.387810059058893
2023-06-25,Augusta,2023,18.32003986562153
2023-06-25,Fairfax,2023,23.357534934901093
2023-06-25,Richmond,2023,23.689154545146355
2023-06-25,Appomattox,2023,18.822752820512846
2023-06-25,Fairfax,2023,NA
2023-06-25,Franklin,2023,NA
2023-06-25,Richmond,2023,25.70487757613851
2023-07-02,Roanoke,2023,NA
2023-07-02,Alleghany,2023,20.84558874126133
2023-07-02,Bath,2023,21.774239123833457
2023-07-02,Amherst,2023,21.33314680948451
2023-07-02,Bedford,2023,23.155236682935968
2023-07-02,Franklin,2023,22.813508175023397
2023-07-02,Roanoke,2023,22.458807911873578
2023-07-02,Augusta,2023,21.75632919431488
2023-07-02,Fairfax,2023,27.115430072322525
2023-07-02,Richmond,2023,25.821093127054983
2023-07-02,Appomattox,2023,21.92647822649474
2023-07-02,Fairfax,2023,29.72300000000002
2023-07-02,Franklin,2023,24.65665893271466
2023-07-02,Richmond,2023,NA
2023-07-09,Roanoke,2023,27.71266617948793
2023-07-09,Alleghany,2023,21.99716408963968
2023-07-09,Bath,2023,21.38255801910902
2023-07-09,Amherst,2023,23.827089900124136
2023-07-09,Bedford,2023,24.71043108300132
2023-07-09,Franklin,2023,23.532796977160302
2023-07-09,Roanoke,2023,23.34422501236412
2023-07-09,Augusta,2023,21.980068443131497
2023-07-09,Fairfax,2023,26.78513353845523
2023-07-09,Richmond,2023,25.434790112410557
2023-07-09,Appomattox,2023,24.65328337684383
2023-07-09,Fairfax,2023,27.26546701747794
2023-07-09,Franklin,2023,26.45106921887087
2023-07-09,Richmond,2023,28.5451410605248
2023-07-16,Roanoke,2023,27.28462147651011
2023-07-16,Alleghany,2023,20.6650976086791
2023-07-16,Bath,2023,20.295803524202658
2023-07-16,Amherst,2023,23.48955192732389
2023-07-16,Bedford,2023,22.95146178913603
2023-07-16,Franklin,2023,23.049300811673177
2023-07-16,Roanoke,2023,22.208343202768695
2023-07-16,Augusta,2023,22.558116420776567
2023-07-16,Fairfax,2023,27.340831788045183
2023-07-16,Richmond,2023,25.35127461670011
2023-07-16,Appomattox,2023,24.552263664827706
2023-07-16,Fairfax,2023,28.28237267430936
2023-07-16,Franklin,2023,27.90810324825989
2023-07-16,Richmond,2023,28.399508252216368
2023-07-23,Roanoke,2023,27.87525792368161
2023-07-23,Alleghany,2023,22.304057231619655
2023-07-23,Bath,2023,21.81055538661473
2023-07-23,Amherst,2023,24.551684140223255
2023-07-23,Bedford,2023,24.723395557672102
2023-07-23,Franklin,2023,25.117387002487533
2023-07-23,Roanoke,2023,24.18790718838138
2023-07-23,Augusta,2023,23.232374151945855
2023-07-23,Fairfax,2023,25.659137229447673
2023-07-23,Richmond,2023,25.70429042321708
2023-07-23,Appomattox,2023,24.65219886741426
2023-07-23,Fairfax,2023,27.2428721289753
2023-07-23,Franklin,2023,27.299651972157815
2023-07-23,Richmond,2023,29.37461538731768
2023-07-30,Roanoke,2023,27.121279827988463
2023-07-30,Alleghany,2023,20.50578082740912
2023-07-30,Bath,2023,20.41185547540058
2023-07-30,Amherst,2023,21.57201956491657
2023-07-30,Bedford,2023,21.634720480097
2023-07-30,Franklin,2023,22.665746385563295
2023-07-30,Roanoke,2023,23.07547816730404
2023-07-30,Augusta,2023,21.22430318235974
2023-07-30,Fairfax,2023,25.56853243439963
2023-07-30,Richmond,2023,22.35739973104177
2023-07-30,Appomattox,2023,20.75192398319103
2023-07-30,Fairfax,2023,27.55596128547268
2023-07-30,Franklin,2023,24.80385924207273
2023-07-30,Richmond,2023,26.07778435655708
2023-08-06,Roanoke,2023,27.445103150735015
2023-08-06,Alleghany,2023,20.81264633113886
2023-08-06,Bath,2023,19.460652620671148
2023-08-06,Amherst,2023,22.701414786698574
2023-08-06,Bedford,2023,23.035553290829785
2023-08-06,Franklin,2023,23.756510522510272
2023-08-06,Roanoke,2023,23.345143064096845
2023-08-06,Augusta,2023,20.82655562110205
2023-08-06,Fairfax,2023,25.189273347025892
2023-08-06,Richmond,2023,24.468844448481896
2023-08-06,Appomattox,2023,23.501110618708456
2023-08-06,Fairfax,2023,25.038215827338167
2023-08-06,Franklin,2023,26.440588263727797
2023-08-06,Richmond,2023,26.793127848109503
2023-08-13,Roanoke,2023,27.10148912583941
2023-08-13,Alleghany,2023,20.71460810974781
2023-08-13,Bath,2023,20.46089222867918
2023-08-13,Amherst,2023,22.996113614313263
2023-08-13,Bedford,2023,22.92863427311121
2023-08-13,Franklin,2023,22.49992728896223
2023-08-13,Roanoke,2023,22.3403133544671
2023-08-13,Augusta,2023,22.32299310313296
2023-08-13,Fairfax,2023,24.504121230045097
2023-08-13,Richmond,2023,25.876288129412114
2023-08-13,Appomattox,2023,23.741479156147207
2023-08-13,Fairfax,2023,24.752638469285028
2023-08-13,Franklin,2023,26.44328886310908
2023-08-13,Richmond,2023,28.28376938732207
2023-08-20,Roanoke,2023,26.244092912229195
2023-08-20,Alleghany,2023,21.26067163054253
2023-08-20,Bath,2023,21.102084675905303
2023-08-20,Amherst,2023,21.89952930925064
2023-08-20,Bedford,2023,22.294884776341075
2023-08-20,Franklin,2023,22.566248129530113
2023-08-20,Roanoke,2023,22.655783028327523
2023-08-20,Augusta,2023,22.46158166019705
2023-08-20,Fairfax,2023,24.631898069472555
2023-08-20,Richmond,2023,22.725678758362516
2023-08-20,Appomattox,2023,21.42560941545538
2023-08-20,Fairfax,2023,26.663747415899284
2023-08-20,Franklin,2023,25.27742360311983
2023-08-20,Richmond,2023,27.483057216218317
2023-08-27,Roanoke,2023,24.226911275530853
2023-08-27,Alleghany,2023,19.90156485973763
2023-08-27,Bath,2023,19.481616903791757
2023-08-27,Amherst,2023,20.02429064039409
2023-08-27,Bedford,2023,21.00085575886379
2023-08-27,Franklin,2023,20.54403697841385
2023-08-27,Roanoke,2023,20.62830880626412
2023-08-27,Augusta,2023,20.644025501713735
2023-08-27,Fairfax,2023,23.377228884528613
2023-08-27,Richmond,2023,20.9312420960431
2023-08-27,Appomattox,2023,19.959200982656736
2023-08-27,Fairfax,2023,24.516397293741804
2023-08-27,Franklin,2023,22.09012543503484
2023-08-27,Richmond,2023,24.293930692879627
2023-09-03,Roanoke,2023,28.92662167289697
2023-09-03,Alleghany,2023,24.29591701960329
2023-09-03,Bath,2023,24.48000162536465
2023-09-03,Amherst,2023,26.121076986071913
2023-09-03,Bedford,2023,26.620477371513008
2023-09-03,Franklin,2023,25.59297199771992
2023-09-03,Roanoke,2023,25.154560602287894
2023-09-03,Augusta,2023,26.386301924975704
2023-09-03,Fairfax,2023,28.452951952050032
2023-09-03,Richmond,2023,27.136230690422003
2023-09-03,Appomattox,2023,26.21855256592533
2023-09-03,Fairfax,2023,29.591040374616327
2023-09-03,Franklin,2023,27.98910747776492
2023-09-03,Richmond,2023,29.82086512544393
2023-09-10,Roanoke,2023,22.109052296766865
2023-09-10,Alleghany,2023,17.508030465026078
2023-09-10,Bath,2023,17.48808193062142
2023-09-10,Amherst,2023,18.438514399073167
2023-09-10,Bedford,2023,19.47920309628531
2023-09-10,Franklin,2023,19.456527141876432
2023-09-10,Roanoke,2023,19.033544170812668
2023-09-10,Augusta,2023,17.958239740721577
2023-09-10,Fairfax,2023,21.356153654612463
2023-09-10,Richmond,2023,20.914387833197175
2023-09-10,Appomattox,2023,18.97453469140981
2023-09-10,Fairfax,2023,22.250368351813595
2023-09-10,Franklin,2023,22.161783159319448
2023-09-10,Richmond,2023,23.761809228175085
2023-09-17,Roanoke,2023,20.22846866597341
2023-09-17,Alleghany,2023,15.758500680753404
2023-09-17,Bath,2023,15.550836550419891
2023-09-17,Amherst,2023,17.891749174254368
2023-09-17,Bedford,2023,18.19607150522353
2023-09-17,Franklin,2023,17.749372684897835
2023-09-17,Roanoke,2023,17.394049427429778
2023-09-17,Augusta,2023,17.81038834312142
2023-09-17,Fairfax,2023,19.80297174802103
2023-09-17,Richmond,2023,20.02873592529241
2023-09-17,Appomattox,2023,18.69747429996995
2023-09-17,Fairfax,2023,20.91570455735991
2023-09-17,Franklin,2023,22.14162461330243
2023-09-17,Richmond,2023,23.21666158887103
2023-09-24,Roanoke,2023,19.745313142643507
2023-09-24,Alleghany,2023,17.01813216900671
2023-09-24,Bath,2023,16.631382855584217
2023-09-24,Amherst,2023,16.14203873927098
2023-09-24,Bedford,2023,16.444520423717957
2023-09-24,Franklin,2023,17.884468004864154
2023-09-24,Roanoke,2023,18.76719084498761
2023-09-24,Augusta,2023,15.633484534853505
2023-09-24,Fairfax,2023,16.287909069097907
2023-09-24,Richmond,2023,NA
2023-09-24,Appomattox,2023,14.384573692762936
2023-09-24,Fairfax,2023,NA
2023-09-24,Franklin,2023,NA
2023-09-24,Richmond,2023,NA
2023-10-01,Roanoke,2023,21.810037194225085
2023-10-01,Alleghany,2023,17.918274618323682
2023-10-01,Bath,2023,17.868998300417847
2023-10-01,Amherst,2023,19.89800690613726
2023-10-01,Bedford,2023,20.11360321527396
2023-10-01,Franklin,2023,19.57473032720789
2023-10-01,Roanoke,2023,19.23263477416998
2023-10-01,Augusta,2023,18.7504278796369
2023-10-01,Fairfax,2023,22.1045055103118
2023-10-01,Richmond,2023,20.050659896498413
2023-10-01,Appomattox,2023,20.01119584436023
2023-10-01,Fairfax,2023,23.27216782559671
2023-10-01,Franklin,2023,20.89302175174018
2023-10-01,Richmond,2023,22.50009080950925
2023-10-08,Roanoke,2023,15.47401908429133
2023-10-08,Alleghany,2023,12.943072657258838
2023-10-08,Bath,2023,12.7740699896367
2023-10-08,Amherst,2023,13.91511196685923
2023-10-08,Bedford,2023,15.020721280121442
2023-10-08,Franklin,2023,14.949119098315302
2023-10-08,Roanoke,2023,14.236489000193163
2023-10-08,Augusta,2023,12.744310116357326
2023-10-08,Fairfax,2023,15.056453051088296
2023-10-08,Richmond,2023,14.653513095544204
2023-10-08,Appomattox,2023,14.098675427853204
2023-10-08,Fairfax,2023,15.623327163182369
2023-10-08,Franklin,2023,16.29108372003097
2023-10-08,Richmond,2023,16.879317959428757
2023-10-15,Roanoke,2023,10.44734114707285
2023-10-15,Alleghany,2023,10.969847064334386
2023-10-15,Bath,2023,10.232328921824845
2023-10-15,Amherst,2023,11.913684923071498
2023-10-15,Bedford,2023,12.361501939836996
2023-10-15,Franklin,2023,12.114048740841415
2023-10-15,Roanoke,2023,11.26908674190564
2023-10-15,Augusta,2023,11.428487073428425
2023-10-15,Fairfax,2023,12.779666555179285
2023-10-15,Richmond,2023,13.411337762343384
2023-10-15,Appomattox,2023,12.639594498205728
2023-10-15,Fairfax,2023,13.766907536177442
2023-10-15,Franklin,2023,16.18256453016244
2023-10-15,Richmond,2023,15.898417707774486
2023-10-22,Roanoke,2023,14.123447422038636
2023-10-22,Alleghany,2023,12.323514710414884
2023-10-22,Bath,2023,11.7578470817655
2023-10-22,Amherst,2023,12.744214064831269
2023-10-22,Bedford,2023,14.182981127268809
2023-10-22,Franklin,2023,14.340829193208684
2023-10-22,Roanoke,2023,13.099949135795391
2023-10-22,Augusta,2023,12.59324845252133
2023-10-22,Fairfax,2023,13.932714871270903
2023-10-22,Richmond,2023,13.96049904652939
2023-10-22,Appomattox,2023,12.612272181696028
2023-10-22,Fairfax,2023,14.408100607655236
2023-10-22,Franklin,2023,15.366588167053392
2023-10-22,Richmond,2023,14.396939855266888
2023-10-29,Roanoke,2023,9.360248765913257
2023-10-29,Alleghany,2023,5.812721597260879
2023-10-29,Bath,2023,5.006732932047711
2023-10-29,Amherst,2023,14.342206809321178
2023-10-29,Bedford,2023,14.242897940125037
2023-10-29,Franklin,2023,15.22160969085693
2023-10-29,Roanoke,2023,9.2882678752162
2023-10-29,Augusta,2023,7.046574420267669
2023-10-29,Fairfax,2023,9.110340278664372
2023-10-29,Richmond,2023,19.97828923397015
2023-10-29,Appomattox,2023,18.190337081778218
2023-10-29,Fairfax,2023,9.055891436446808
2023-10-29,Franklin,2023,21.63479577532873
2023-10-29,Richmond,2023,20.61641173055709
2023-11-05,Roanoke,2023,16.673788564415375
2023-11-05,Alleghany,2023,13.01431287851014
2023-11-05,Bath,2023,12.358017088593524
2023-11-05,Amherst,2023,14.98139856467708
2023-11-05,Bedford,2023,15.515902540545758
2023-11-05,Franklin,2023,16.159060726460083
2023-11-05,Roanoke,2023,15.746200385946958
2023-11-05,Augusta,2023,13.168000377966434
2023-11-05,Fairfax,2023,13.3343924940853
2023-11-05,Richmond,2023,14.3040521420192
2023-11-05,Appomattox,2023,16.06867993109946
2023-11-05,Fairfax,2023,13.975995426924792
2023-11-05,Franklin,2023,15.338950357695314
2023-11-05,Richmond,2023,17.081181450520557
2023-11-12,Roanoke,2023,10.274764579751428
2023-11-12,Alleghany,2023,7.629596299792612
2023-11-12,Bath,2023,7.73713536541559
2023-11-12,Amherst,2023,8.523636331818123
2023-11-12,Bedford,2023,8.234862626123038
2023-11-12,Franklin,2023,9.207806469160904
2023-11-12,Roanoke,2023,9.10191773906239
2023-11-12,Augusta,2023,7.90892867842772
2023-11-12,Fairfax,2023,7.885947808133913
2023-11-12,Richmond,2023,7.707160318380859
2023-11-12,Appomattox,2023,7.775508050386931
2023-11-12,Fairfax,2023,8.496263860176692
2023-11-12,Franklin,2023,11.207095901005449
2023-11-12,Richmond,2023,10.366643145933956
2023-11-19,Roanoke,2023,8.584317856038703
2023-11-19,Alleghany,2023,5.1716462250062945
2023-11-19,Bath,2023,4.29163874602012
2023-11-19,Amherst,2023,7.417398035391328
2023-11-19,Bedford,2023,8.274413455940447
2023-11-19,Franklin,2023,8.16579647706686
2023-11-19,Roanoke,2023,6.971117290837689
2023-11-19,Augusta,2023,5.097420706103516
2023-11-19,Fairfax,2023,8.084661463894506
2023-11-19,Richmond,2023,7.457181435860928
2023-11-19,Appomattox,2023,6.67877958743225
2023-11-19,Fairfax,2023,8.618080248073705
2023-11-19,Franklin,2023,8.83412654679044
2023-11-19,Richmond,2023,9.76930750364072
2023-11-26,Roanoke,2023,2.508645268276259
2023-11-26,Alleghany,2023,-2.921833121605715
2023-11-26,Bath,2023,-1.331113202013753
2023-11-26,Amherst,2023,0.9678626347324996
2023-11-26,Bedford,2023,0.20026839167203253
2023-11-26,Franklin,2023,2.0133301310116885
2023-11-26,Roanoke,2023,0.4636542449636296
2023-11-26,Augusta,2023,-0.6022604416454697
2023-11-26,Fairfax,2023,2.098952428229329
2023-11-26,Richmond,2023,1.4105024396390566
2023-11-26,Appomattox,2023,1.792422928035104
2023-11-26,Fairfax,2023,0.5980027794322316
2023-11-26,Franklin,2023,3.213894528228956
2023-11-26,Richmond,2023,3.234727731151507
2023-12-03,Roanoke,2023,6.110093199327045
2023-12-03,Alleghany,2023,5.717131282807031
2023-12-03,Bath,2023,5.027421674370857
2023-12-03,Amherst,2023,5.19650657369297
2023-12-03,Bedford,2023,5.5861642385548
2023-12-03,Franklin,2023,5.250301224548468
2023-12-03,Roanoke,2023,4.97383546741289
2023-12-03,Augusta,2023,5.797629306796578
2023-12-03,Fairfax,2023,5.775029069572536
2023-12-03,Richmond,2023,6.307069888348332
2023-12-03,Appomattox,2023,5.300899301971659
2023-12-03,Fairfax,2023,7.081532748143178
2023-12-03,Franklin,2023,4.465877803557646
2023-12-03,Richmond,2023,7.701127749526992
2023-12-10,Roanoke,2023,3.1198029668214544
2023-12-10,Alleghany,2023,1.6740713012833937
2023-12-10,Bath,2023,1.5884212980599894
2023-12-10,Amherst,2023,3.36909047603365
2023-12-10,Bedford,2023,3.639884539400649
2023-12-10,Franklin,2023,4.1750259230945
2023-12-10,Roanoke,2023,3.3202709329924245
2023-12-10,Augusta,2023,1.815324287738597
2023-12-10,Fairfax,2023,2.798252108881897
2023-12-10,Richmond,2023,3.356394205565111
2023-12-10,Appomattox,2023,2.6779022221983544
2023-12-10,Fairfax,2023,3.3757473532544284
2023-12-10,Franklin,2023,4.124963505413795
2023-12-10,Richmond,2023,4.923796706139371
2023-12-17,Roanoke,2023,1.3687778459023374
2023-12-17,Alleghany,2023,-3.1127508347343964
2023-12-17,Bath,2023,-3.558549837060312
2023-12-17,Amherst,2023,0.832903341987443
2023-12-17,Bedford,2023,1.313487567918764
2023-12-17,Franklin,2023,1.5902959330715312
2023-12-17,Roanoke,2023,0.7785071493927325
2023-12-17,Augusta,2023,-1.2322797318135554
2023-12-17,Fairfax,2023,0.7948641634473165
2023-12-17,Richmond,2023,1.7571603720590254
2023-12-17,Appomattox,2023,-0.7332770831361007
2023-12-17,Fairfax,2023,1.134807367036298
2023-12-17,Franklin,2023,2.007079466357342
2023-12-17,Richmond,2023,2.1933225305914283
2023-12-24,Roanoke,2023,NA
2023-12-24,Alleghany,2023,5.828347358791021
2023-12-24,Bath,2023,4.519723485473821
2023-12-24,Amherst,2023,3.1726517766497775
2023-12-24,Bedford,2023,5.075791532052409
2023-12-24,Franklin,2023,4.7700000000000244
2023-12-24,Roanoke,2023,NA
2023-12-24,Augusta,2023,5.412984534337488
2023-12-24,Fairfax,2023,10.859587318956052
2023-12-24,Richmond,2023,5.675633546872606
2023-12-24,Appomattox,2023,3.6596219370661816
2023-12-24,Fairfax,2023,11.024047334448994
2023-12-24,Franklin,2023,3.6789583868482225
2023-12-24,Richmond,2023,NA
